claim_id;stream_name_NL;L1_role;L2_commodity_group;L3_commodity_subgroup;L4_ingredient;L5_fraction_as_named;level_1to5;chain_stage;chain_L2;source_id;source_short;reference_year;volume_t_per_yr;value_as_reported;unit_as_reported;conversion_factor_to_t_per_yr;quantity_type;source_type_label;type_assumed;geography;provenance;source_page;source_table_figure;also_stated_in;DECISION_expert
C-001;AGGREGAAT - levensmiddelenafval voedingsindustrie (EU-definitie);Reststroom;Aggregaat;;;;2;voedingsindustrie;Voedingsindustrie;S080;OVAM Monitor voedselverlies 2023;2023;279114;279114;ton;1;agri-food waste;"levensmiddelenafval (EU-definitie); enkel bestemmingen compostering/vergisting en verbranding";TRUE;Vlaanderen;read in PDF;12;Tabel 1;ook in Tabel 51 (p.84);
C-002;AGGREGAAT - levensmiddelenafval landbouw en PO's (EU-definitie);Reststroom;Aggregaat;;;;2;landbouw en PO's;meerdere stadia;S080;OVAM Monitor voedselverlies 2023;2023;12854;12854;ton;1;agri-food waste;"levensmiddelenafval (EU-definitie); enkel bestemmingen compostering/vergisting en verbranding";TRUE;Vlaanderen;read in PDF;13;Tabel 2;ook in Tabel 50 (p.83);
C-003;AGGREGAAT - levensmiddelenafval voedingsretail en grootdistributie (EU-definitie);Reststroom;Aggregaat;;;;2;voedingsretail en grootdistributie;Retail & grootdistributie;S080;OVAM Monitor voedselverlies 2023;2023;60084;60084;ton;1;agri-food waste;"levensmiddelenafval (EU-definitie); enkel bestemmingen compostering/vergisting en verbranding";TRUE;Vlaanderen;read in PDF;13;Tabel 2;ook in Tabel 52 (p.84);
C-004;AGGREGAAT - voedselreststromen totale primaire sector;Reststroom;Aggregaat;;;;2;primaire sector (visserij, visveilingen, landbouw, PO's);meerdere stadia;S080;OVAM Monitor voedselverlies 2023;2023;639326;639326;ton;1;agri-food waste;"voedselreststromen; totaal primaire sector";TRUE;Vlaanderen;read in PDF;17;Tabel 5;;
C-005;Niet-geoogste aardappelen (nat najaar 2023);Reststroom;Plantaardig - akkerbouw;Aardappelen en knolgewassen;Aardappel;;4;landbouw (akkerbouw, pre-harvest);Primaire productie;S080;OVAM Monitor voedselverlies 2023;2023;308000;308000;ton;1;agri-food waste;"niet-geoogste aardappelen door weersomstandigheden; pre-harvest verlies dat volgens de bron buiten de scope van de gerapporteerde cijfers valt";TRUE;Vlaanderen;read in PDF;31;tekst;;
C-006;Opgehouden vis - totale voedselreststroom visveilingen;Reststroom;Dierlijk - vis;Vis;;;3;visveilingen;Visveilingen;S080;OVAM Monitor voedselverlies 2023;2023;203;203;ton;1;agri-food waste;"opgehouden vis (doordraai); totale voedselreststroom";FALSE;Vlaanderen;read in PDF;28;Tabel 11;ook in tekst p.27 en Tabel 10 (p.27, rij Totaal);
C-007;Opgehouden vis - voedselverlies visveilingen;Reststroom;Dierlijk - vis;Vis;;;3;visveilingen;Visveilingen;S080;OVAM Monitor voedselverlies 2023;2023;101.5;101.5;ton;1;voedselverlies;"opgehouden vis (doordraai); eetbare fractie, geschat op een vast aandeel van 50%";FALSE;Vlaanderen;read in PDF;28;Tabel 11;;
C-008;Opgehouden vis - nevenstroom visveilingen;Reststroom;Dierlijk - vis;Vis;;;3;visveilingen;Visveilingen;S080;OVAM Monitor voedselverlies 2023;2023;101.5;101.5;ton;1;nevenstroom;"opgehouden vis (doordraai); niet-eetbare fractie, geschat op een vast aandeel van 50%";FALSE;Vlaanderen;read in PDF;28;Tabel 11;;
C-009;Aanvoer Schelvis;Productievolume;Dierlijk - vis;Vis;Schelvis;;4;aanvoer in Belgische havens;Visserij;S080;OVAM Monitor voedselverlies 2023;2023;192;192;ton;1;hoofdstroom;"aanvoer (totale aangevoerde hoeveelheid); bron drukt 'Belgische havens' - alle Belgische vissershavens liggen in Vlaanderen (gesanctioneerde uitzondering)";FALSE;Vlaanderen;read in PDF;27;Tabel 10;;
C-010;Aanvoer Wijting;Productievolume;Dierlijk - vis;Vis;Wijting;;4;aanvoer in Belgische havens;Visserij;S080;OVAM Monitor voedselverlies 2023;2023;203;203;ton;1;hoofdstroom;"aanvoer (totale aangevoerde hoeveelheid); bron drukt 'Belgische havens' - alle Belgische vissershavens liggen in Vlaanderen (gesanctioneerde uitzondering)";FALSE;Vlaanderen;read in PDF;27;Tabel 10;;
C-011;Aanvoer Heek;Productievolume;Dierlijk - vis;Vis;Heek;;4;aanvoer in Belgische havens;Visserij;S080;OVAM Monitor voedselverlies 2023;2023;87;87;ton;1;hoofdstroom;"aanvoer (totale aangevoerde hoeveelheid); bron drukt 'Belgische havens' - alle Belgische vissershavens liggen in Vlaanderen (gesanctioneerde uitzondering)";FALSE;Vlaanderen;read in PDF;27;Tabel 10;;
C-012;Aanvoer Steenbolk;Productievolume;Dierlijk - vis;Vis;Steenbolk;;4;aanvoer in Belgische havens;Visserij;S080;OVAM Monitor voedselverlies 2023;2023;217;217;ton;1;hoofdstroom;"aanvoer (totale aangevoerde hoeveelheid); bron drukt 'Belgische havens' - alle Belgische vissershavens liggen in Vlaanderen (gesanctioneerde uitzondering)";FALSE;Vlaanderen;read in PDF;27;Tabel 10;;
C-013;Aanvoer Schol;Productievolume;Dierlijk - vis;Vis;Schol;;4;aanvoer in Belgische havens;Visserij;S080;OVAM Monitor voedselverlies 2023;2023;1169;1169;ton;1;hoofdstroom;"aanvoer (totale aangevoerde hoeveelheid); bron drukt 'Belgische havens' - alle Belgische vissershavens liggen in Vlaanderen (gesanctioneerde uitzondering)";FALSE;Vlaanderen;read in PDF;27;Tabel 10;;
C-014;Aanvoer Bot;Productievolume;Dierlijk - vis;Vis;Bot;;4;aanvoer in Belgische havens;Visserij;S080;OVAM Monitor voedselverlies 2023;2023;66;66;ton;1;hoofdstroom;"aanvoer (totale aangevoerde hoeveelheid); bron drukt 'Belgische havens' - alle Belgische vissershavens liggen in Vlaanderen (gesanctioneerde uitzondering)";FALSE;Vlaanderen;read in PDF;27;Tabel 10;;
C-015;Aanvoer Schar;Productievolume;Dierlijk - vis;Vis;Schar;;4;aanvoer in Belgische havens;Visserij;S080;OVAM Monitor voedselverlies 2023;2023;91;91;ton;1;hoofdstroom;"aanvoer (totale aangevoerde hoeveelheid); bron drukt 'Belgische havens' - alle Belgische vissershavens liggen in Vlaanderen (gesanctioneerde uitzondering)";FALSE;Vlaanderen;read in PDF;27;Tabel 10;;
C-016;Aanvoer Roggen;Productievolume;Dierlijk - vis;Vis;Roggen;;4;aanvoer in Belgische havens;Visserij;S080;OVAM Monitor voedselverlies 2023;2023;1076;1076;ton;1;hoofdstroom;"aanvoer (totale aangevoerde hoeveelheid); bron drukt 'Belgische havens' - alle Belgische vissershavens liggen in Vlaanderen (gesanctioneerde uitzondering)";FALSE;Vlaanderen;read in PDF;27;Tabel 10;;
C-017;Aanvoer Ponen;Productievolume;Dierlijk - vis;Vis;Ponen;;4;aanvoer in Belgische havens;Visserij;S080;OVAM Monitor voedselverlies 2023;2023;781;781;ton;1;hoofdstroom;"aanvoer (totale aangevoerde hoeveelheid); bron drukt 'Belgische havens' - alle Belgische vissershavens liggen in Vlaanderen (gesanctioneerde uitzondering)";FALSE;Vlaanderen;read in PDF;27;Tabel 10;;
C-018;Aanvoer Haaien alg.;Productievolume;Dierlijk - vis;Vis;Haaien;;4;aanvoer in Belgische havens;Visserij;S080;OVAM Monitor voedselverlies 2023;2023;505;505;ton;1;hoofdstroom;"aanvoer (totale aangevoerde hoeveelheid); bron drukt 'Belgische havens' - alle Belgische vissershavens liggen in Vlaanderen (gesanctioneerde uitzondering)";FALSE;Vlaanderen;read in PDF;27;Tabel 10;;
C-019;Aanvoer Andere demersale soorten;Productievolume;Dierlijk - vis;Vis;Andere demersale soorten;;4;aanvoer in Belgische havens;Visserij;S080;OVAM Monitor voedselverlies 2023;2023;4626;4626;ton;1;hoofdstroom;"aanvoer (totale aangevoerde hoeveelheid); bron drukt 'Belgische havens' - alle Belgische vissershavens liggen in Vlaanderen (gesanctioneerde uitzondering)";FALSE;Vlaanderen;read in PDF;27;Tabel 10;;
C-020;Aanvoer Pelagische soorten;Productievolume;Dierlijk - vis;Vis;Pelagische soorten;;4;aanvoer in Belgische havens;Visserij;S080;OVAM Monitor voedselverlies 2023;2023;113;113;ton;1;hoofdstroom;"aanvoer (totale aangevoerde hoeveelheid); bron drukt 'Belgische havens' - alle Belgische vissershavens liggen in Vlaanderen (gesanctioneerde uitzondering)";FALSE;Vlaanderen;read in PDF;27;Tabel 10;;
C-021;Aanvoer Schaal- en weekdieren;Productievolume;Dierlijk - vis;Vis;Schaal- en weekdieren;;4;aanvoer in Belgische havens;Visserij;S080;OVAM Monitor voedselverlies 2023;2023;3392;3392;ton;1;hoofdstroom;"aanvoer (totale aangevoerde hoeveelheid); bron drukt 'Belgische havens' - alle Belgische vissershavens liggen in Vlaanderen (gesanctioneerde uitzondering)";FALSE;Vlaanderen;read in PDF;27;Tabel 10;;
C-022;Opgehouden Schelvis;Reststroom;Dierlijk - vis;Vis;Schelvis;;4;visveilingen (Belgische havens);Visveilingen;S080;OVAM Monitor voedselverlies 2023;2023;7;7;ton;1;agri-food waste;"opgehouden (aan de markt onttrokken op de veilklok); bron drukt 'Belgische havens' - alle Belgische vissershavens liggen in Vlaanderen (gesanctioneerde uitzondering)";TRUE;Vlaanderen;read in PDF;27;Tabel 10;;
C-023;Opgehouden Wijting;Reststroom;Dierlijk - vis;Vis;Wijting;;4;visveilingen (Belgische havens);Visveilingen;S080;OVAM Monitor voedselverlies 2023;2023;23;23;ton;1;agri-food waste;"opgehouden (aan de markt onttrokken op de veilklok); bron drukt 'Belgische havens' - alle Belgische vissershavens liggen in Vlaanderen (gesanctioneerde uitzondering)";TRUE;Vlaanderen;read in PDF;27;Tabel 10;;
C-024;Opgehouden Heek;Reststroom;Dierlijk - vis;Vis;Heek;;4;visveilingen (Belgische havens);Visveilingen;S080;OVAM Monitor voedselverlies 2023;2023;2;2;ton;1;agri-food waste;"opgehouden (aan de markt onttrokken op de veilklok); bron drukt 'Belgische havens' - alle Belgische vissershavens liggen in Vlaanderen (gesanctioneerde uitzondering)";TRUE;Vlaanderen;read in PDF;27;Tabel 10;;
C-025;Opgehouden Steenbolk;Reststroom;Dierlijk - vis;Vis;Steenbolk;;4;visveilingen (Belgische havens);Visveilingen;S080;OVAM Monitor voedselverlies 2023;2023;3;3;ton;1;agri-food waste;"opgehouden (aan de markt onttrokken op de veilklok); bron drukt 'Belgische havens' - alle Belgische vissershavens liggen in Vlaanderen (gesanctioneerde uitzondering)";TRUE;Vlaanderen;read in PDF;27;Tabel 10;;
C-026;Opgehouden Schol;Reststroom;Dierlijk - vis;Vis;Schol;;4;visveilingen (Belgische havens);Visveilingen;S080;OVAM Monitor voedselverlies 2023;2023;0;0;ton;1;agri-food waste;"opgehouden (aan de markt onttrokken op de veilklok); bron drukt 'Belgische havens' - alle Belgische vissershavens liggen in Vlaanderen (gesanctioneerde uitzondering)";TRUE;Vlaanderen;read in PDF;27;Tabel 10;;
C-027;Opgehouden Bot;Reststroom;Dierlijk - vis;Vis;Bot;;4;visveilingen (Belgische havens);Visveilingen;S080;OVAM Monitor voedselverlies 2023;2023;0;0;ton;1;agri-food waste;"opgehouden (aan de markt onttrokken op de veilklok); bron drukt 'Belgische havens' - alle Belgische vissershavens liggen in Vlaanderen (gesanctioneerde uitzondering)";TRUE;Vlaanderen;read in PDF;27;Tabel 10;;
C-028;Opgehouden Schar;Reststroom;Dierlijk - vis;Vis;Schar;;4;visveilingen (Belgische havens);Visveilingen;S080;OVAM Monitor voedselverlies 2023;2023;2;2;ton;1;agri-food waste;"opgehouden (aan de markt onttrokken op de veilklok); bron drukt 'Belgische havens' - alle Belgische vissershavens liggen in Vlaanderen (gesanctioneerde uitzondering)";TRUE;Vlaanderen;read in PDF;27;Tabel 10;;
C-029;Opgehouden Roggen;Reststroom;Dierlijk - vis;Vis;Roggen;;4;visveilingen (Belgische havens);Visveilingen;S080;OVAM Monitor voedselverlies 2023;2023;5;5;ton;1;agri-food waste;"opgehouden (aan de markt onttrokken op de veilklok); bron drukt 'Belgische havens' - alle Belgische vissershavens liggen in Vlaanderen (gesanctioneerde uitzondering)";TRUE;Vlaanderen;read in PDF;27;Tabel 10;;
C-030;Opgehouden Ponen;Reststroom;Dierlijk - vis;Vis;Ponen;;4;visveilingen (Belgische havens);Visveilingen;S080;OVAM Monitor voedselverlies 2023;2023;55;55;ton;1;agri-food waste;"opgehouden (aan de markt onttrokken op de veilklok); bron drukt 'Belgische havens' - alle Belgische vissershavens liggen in Vlaanderen (gesanctioneerde uitzondering)";TRUE;Vlaanderen;read in PDF;27;Tabel 10;;
C-031;Opgehouden Haaien alg.;Reststroom;Dierlijk - vis;Vis;Haaien;;4;visveilingen (Belgische havens);Visveilingen;S080;OVAM Monitor voedselverlies 2023;2023;61;61;ton;1;agri-food waste;"opgehouden (aan de markt onttrokken op de veilklok); bron drukt 'Belgische havens' - alle Belgische vissershavens liggen in Vlaanderen (gesanctioneerde uitzondering)";TRUE;Vlaanderen;read in PDF;27;Tabel 10;;
C-032;Opgehouden Andere demersale soorten;Reststroom;Dierlijk - vis;Vis;Andere demersale soorten;;4;visveilingen (Belgische havens);Visveilingen;S080;OVAM Monitor voedselverlies 2023;2023;27;27;ton;1;agri-food waste;"opgehouden (aan de markt onttrokken op de veilklok); bron drukt 'Belgische havens' - alle Belgische vissershavens liggen in Vlaanderen (gesanctioneerde uitzondering)";TRUE;Vlaanderen;read in PDF;27;Tabel 10;;
C-033;Opgehouden Pelagische soorten;Reststroom;Dierlijk - vis;Vis;Pelagische soorten;;4;visveilingen (Belgische havens);Visveilingen;S080;OVAM Monitor voedselverlies 2023;2023;16;16;ton;1;agri-food waste;"opgehouden (aan de markt onttrokken op de veilklok); bron drukt 'Belgische havens' - alle Belgische vissershavens liggen in Vlaanderen (gesanctioneerde uitzondering)";TRUE;Vlaanderen;read in PDF;27;Tabel 10;;
C-034;Opgehouden Schaal- en weekdieren;Reststroom;Dierlijk - vis;Vis;Schaal- en weekdieren;;4;visveilingen (Belgische havens);Visveilingen;S080;OVAM Monitor voedselverlies 2023;2023;1;1;ton;1;agri-food waste;"opgehouden (aan de markt onttrokken op de veilklok); bron drukt 'Belgische havens' - alle Belgische vissershavens liggen in Vlaanderen (gesanctioneerde uitzondering)";TRUE;Vlaanderen;read in PDF;27;Tabel 10;;
C-035;Aanvoer vis totaal;Productievolume;Dierlijk - vis;Vis;;;3;aanvoer in Belgische havens;Visserij;S080;OVAM Monitor voedselverlies 2023;2023;12519;12519;ton;1;hoofdstroom;"aanvoer (totale aangevoerde hoeveelheid); bron drukt 'Belgische havens' - alle Belgische vissershavens liggen in Vlaanderen (gesanctioneerde uitzondering)";FALSE;Vlaanderen;read in PDF;27;Tabel 10;;
C-036;Voedselreststromen groenten openlucht;Reststroom;Plantaardig - tuinbouw;Groenten openlucht;;;3;landbouw (tuinbouw);Primaire productie;S080;OVAM Monitor voedselverlies 2023;2023;291180;291180;ton;1;agri-food waste;voedselreststromen landbouw per sector en subsector;FALSE;Vlaanderen;read in PDF;30;Tabel 12;;
C-037;Voedselreststromen groenten beschutte teelt;Reststroom;Plantaardig - tuinbouw;Groenten beschut;;;3;landbouw (tuinbouw);Primaire productie;S080;OVAM Monitor voedselverlies 2023;2023;19173;19173;ton;1;agri-food waste;voedselreststromen landbouw per sector en subsector;FALSE;Vlaanderen;read in PDF;30;Tabel 12;;
C-038;Voedselreststromen fruit;Reststroom;Plantaardig - tuinbouw;Fruit;;;3;landbouw (tuinbouw);Primaire productie;S080;OVAM Monitor voedselverlies 2023;2023;30532;30532;ton;1;agri-food waste;voedselreststromen landbouw per sector en subsector;FALSE;Vlaanderen;read in PDF;30;Tabel 12;;
C-039;Voedselreststromen tuinbouw totaal;Reststroom;Plantaardig - tuinbouw;;;;2;landbouw (tuinbouw);Primaire productie;S080;OVAM Monitor voedselverlies 2023;2023;340886;340886;ton;1;agri-food waste;voedselreststromen landbouw per sector en subsector;FALSE;Vlaanderen;read in PDF;30;Tabel 12;;
C-040;Voedselreststromen granen;Reststroom;Plantaardig - akkerbouw;Granen;;;3;landbouw (akkerbouw);Primaire productie;S080;OVAM Monitor voedselverlies 2023;2023;5227;5227;ton;1;agri-food waste;voedselreststromen landbouw per sector en subsector;FALSE;Vlaanderen;read in PDF;30;Tabel 12;;
C-041;Voedselreststromen suikerbieten;Reststroom;Plantaardig - akkerbouw;Suikerbieten en nijverheidsgewassen;Suikerbiet;;4;landbouw (akkerbouw);Primaire productie;S080;OVAM Monitor voedselverlies 2023;2023;23857;23857;ton;1;agri-food waste;voedselreststromen landbouw per sector en subsector;FALSE;Vlaanderen;read in PDF;30;Tabel 12;;
C-042;Voedselreststromen aardappelen (excl. niet-geoogst);Reststroom;Plantaardig - akkerbouw;Aardappelen en knolgewassen;Aardappel;;4;landbouw (akkerbouw);Primaire productie;S080;OVAM Monitor voedselverlies 2023;2023;240305;240305;ton;1;agri-food waste;"voedselreststromen landbouw per sector en subsector; *excl. aardappelen die niet geoogst konden worden";FALSE;Vlaanderen;read in PDF;30;Tabel 12;;
C-043;Voedselreststromen aardappelen (incl. niet-geoogst);Reststroom;Plantaardig - akkerbouw;Aardappelen en knolgewassen;Aardappel;;4;landbouw (akkerbouw);Primaire productie;S080;OVAM Monitor voedselverlies 2023;2023;548305;548305;ton;1;agri-food waste;"voedselreststromen landbouw per sector en subsector; incl. de 308.000 ton niet-geoogste aardappelen";FALSE;Vlaanderen;read in PDF;30;Tabel 12;;
C-044;Voedselreststromen akkerbouw totaal (excl. niet-geoogste aardappelen);Reststroom;Plantaardig - akkerbouw;;;;2;landbouw (akkerbouw);Primaire productie;S080;OVAM Monitor voedselverlies 2023;2023;269389;269389;ton;1;agri-food waste;"voedselreststromen landbouw per sector en subsector; *excl. aardappelen die niet geoogst konden worden";FALSE;Vlaanderen;read in PDF;30;Tabel 12;;
C-045;Voedselreststromen akkerbouw totaal (incl. niet-geoogste aardappelen);Reststroom;Plantaardig - akkerbouw;;;;2;landbouw (akkerbouw);Primaire productie;S080;OVAM Monitor voedselverlies 2023;2023;577389;577389;ton;1;agri-food waste;"voedselreststromen landbouw per sector en subsector; incl. de 308.000 ton niet-geoogste aardappelen";FALSE;Vlaanderen;read in PDF;30;Tabel 12;;
C-046;Voedselreststromen melk;Reststroom;Dierlijk - vee;Melk;;;3;landbouw (veehouderij);Primaire productie;S080;OVAM Monitor voedselverlies 2023;2023;12378;12378;ton;1;agri-food waste;voedselreststromen landbouw per sector en subsector;FALSE;Vlaanderen;read in PDF;30;Tabel 12;;
C-047;Voedselreststromen eieren;Reststroom;Dierlijk - vee;Eieren;;;3;landbouw (veehouderij);Primaire productie;S080;OVAM Monitor voedselverlies 2023;2023;1282;1282;ton;1;agri-food waste;voedselreststromen landbouw per sector en subsector;FALSE;Vlaanderen;read in PDF;30;Tabel 12;;
C-048;Voedselreststromen veehouderij totaal;Reststroom;Dierlijk - vee;;;;2;landbouw (veehouderij);Primaire productie;S080;OVAM Monitor voedselverlies 2023;2023;13660;13660;ton;1;agri-food waste;voedselreststromen landbouw per sector en subsector;FALSE;Vlaanderen;read in PDF;30;Tabel 12;;
C-049;AGGREGAAT - voedselreststromen landbouw totaal (excl. niet-geoogste aardappelen);Reststroom;Aggregaat;;;;2;landbouw;Primaire productie;S080;OVAM Monitor voedselverlies 2023;2023;623935;623935;ton;1;agri-food waste;"voedselreststromen landbouw per sector en subsector; *excl. aardappelen die niet geoogst konden worden";FALSE;Vlaanderen;read in PDF;30;Tabel 12;variant: Tabel 16 (p.36) en Figuur 5 (p.35) drukken 623.934 - zie C-075;
C-050;AGGREGAAT - voedselreststromen landbouw totaal (incl. niet-geoogste aardappelen);Reststroom;Aggregaat;;;;2;landbouw;Primaire productie;S080;OVAM Monitor voedselverlies 2023;2023;931935;931935;ton;1;agri-food waste;"voedselreststromen landbouw per sector en subsector; incl. de 308.000 ton niet-geoogste aardappelen";FALSE;Vlaanderen;read in PDF;30;Tabel 12;;
C-051;Voedselverliezen groenten openlucht;Reststroom;Plantaardig - tuinbouw;Groenten openlucht;;;3;landbouw (tuinbouw);Primaire productie;S080;OVAM Monitor voedselverlies 2023;2023;220057;220057;ton;1;voedselverlies;voedselverliezen en nevenstromen landbouw per sector;FALSE;Vlaanderen;read in PDF;33;Tabel 14;;
C-052;Voedselverliezen groenten beschutte teelt;Reststroom;Plantaardig - tuinbouw;Groenten beschut;;;3;landbouw (tuinbouw);Primaire productie;S080;OVAM Monitor voedselverlies 2023;2023;19104;19104;ton;1;voedselverlies;voedselverliezen en nevenstromen landbouw per sector;FALSE;Vlaanderen;read in PDF;33;Tabel 14;;
C-053;Voedselverliezen fruit;Reststroom;Plantaardig - tuinbouw;Fruit;;;3;landbouw (tuinbouw);Primaire productie;S080;OVAM Monitor voedselverlies 2023;2023;24933;24933;ton;1;voedselverlies;voedselverliezen en nevenstromen landbouw per sector;FALSE;Vlaanderen;read in PDF;33;Tabel 14;;
C-054;Voedselverliezen tuinbouw totaal;Reststroom;Plantaardig - tuinbouw;;;;2;landbouw (tuinbouw);Primaire productie;S080;OVAM Monitor voedselverlies 2023;2023;264093;264093;ton;1;voedselverlies;voedselverliezen en nevenstromen landbouw per sector;FALSE;Vlaanderen;read in PDF;33;Tabel 14;;
C-055;Voedselverliezen granen;Reststroom;Plantaardig - akkerbouw;Granen;;;3;landbouw (akkerbouw);Primaire productie;S080;OVAM Monitor voedselverlies 2023;2023;5227;5227;ton;1;voedselverlies;voedselverliezen en nevenstromen landbouw per sector;FALSE;Vlaanderen;read in PDF;33;Tabel 14;;
C-056;Voedselverliezen suikerbieten;Reststroom;Plantaardig - akkerbouw;Suikerbieten en nijverheidsgewassen;Suikerbiet;;4;landbouw (akkerbouw);Primaire productie;S080;OVAM Monitor voedselverlies 2023;2023;4151;4151;ton;1;voedselverlies;voedselverliezen en nevenstromen landbouw per sector;FALSE;Vlaanderen;read in PDF;33;Tabel 14;;
C-057;Voedselverliezen aardappelen (incl. niet-geoogste aardappelen);Reststroom;Plantaardig - akkerbouw;Aardappelen en knolgewassen;Aardappel;;4;landbouw (akkerbouw);Primaire productie;S080;OVAM Monitor voedselverlies 2023;2023;429871;429871;ton;1;voedselverlies;"voedselverliezen en nevenstromen landbouw per sector; **voedselverlies incl. 308.000 ton niet-geoogste aardappelen";FALSE;Vlaanderen;read in PDF;33;Tabel 14;;
C-058;Voedselverliezen akkerbouw totaal (incl. niet-geoogste aardappelen);Reststroom;Plantaardig - akkerbouw;;;;2;landbouw (akkerbouw);Primaire productie;S080;OVAM Monitor voedselverlies 2023;2023;439249;439249;ton;1;voedselverlies;"voedselverliezen en nevenstromen landbouw per sector; **voedselverlies incl. 308.000 ton niet-geoogste aardappelen";FALSE;Vlaanderen;read in PDF;33;Tabel 14;;
C-059;Voedselverliezen melk;Reststroom;Dierlijk - vee;Melk;;;3;landbouw (veehouderij);Primaire productie;S080;OVAM Monitor voedselverlies 2023;2023;12378;12378;ton;1;voedselverlies;voedselverliezen en nevenstromen landbouw per sector;FALSE;Vlaanderen;read in PDF;33;Tabel 14;;
C-060;Voedselverliezen eieren;Reststroom;Dierlijk - vee;Eieren;;;3;landbouw (veehouderij);Primaire productie;S080;OVAM Monitor voedselverlies 2023;2023;1154;1154;ton;1;voedselverlies;voedselverliezen en nevenstromen landbouw per sector;FALSE;Vlaanderen;read in PDF;33;Tabel 14;;
C-061;Voedselverliezen veehouderij totaal;Reststroom;Dierlijk - vee;;;;2;landbouw (veehouderij);Primaire productie;S080;OVAM Monitor voedselverlies 2023;2023;13532;13532;ton;1;voedselverlies;voedselverliezen en nevenstromen landbouw per sector;FALSE;Vlaanderen;read in PDF;33;Tabel 14;;
C-062;Nevenstromen groenten openlucht;Reststroom;Plantaardig - tuinbouw;Groenten openlucht;;;3;landbouw (tuinbouw);Primaire productie;S080;OVAM Monitor voedselverlies 2023;2023;71123;71123;ton;1;nevenstroom;voedselverliezen en nevenstromen landbouw per sector;FALSE;Vlaanderen;read in PDF;33;Tabel 14;;
C-063;Nevenstromen groenten beschutte teelt;Reststroom;Plantaardig - tuinbouw;Groenten beschut;;;3;landbouw (tuinbouw);Primaire productie;S080;OVAM Monitor voedselverlies 2023;2023;69;69;ton;1;nevenstroom;voedselverliezen en nevenstromen landbouw per sector;FALSE;Vlaanderen;read in PDF;33;Tabel 14;;
C-064;Nevenstromen fruit;Reststroom;Plantaardig - tuinbouw;Fruit;;;3;landbouw (tuinbouw);Primaire productie;S080;OVAM Monitor voedselverlies 2023;2023;5600;5600;ton;1;nevenstroom;voedselverliezen en nevenstromen landbouw per sector;FALSE;Vlaanderen;read in PDF;33;Tabel 14;;
C-065;Nevenstromen tuinbouw totaal;Reststroom;Plantaardig - tuinbouw;;;;2;landbouw (tuinbouw);Primaire productie;S080;OVAM Monitor voedselverlies 2023;2023;76792;76792;ton;1;nevenstroom;voedselverliezen en nevenstromen landbouw per sector;FALSE;Vlaanderen;read in PDF;33;Tabel 14;;
C-066;Nevenstromen granen;Reststroom;Plantaardig - akkerbouw;Granen;;;3;landbouw (akkerbouw);Primaire productie;S080;OVAM Monitor voedselverlies 2023;2023;0;0;ton;1;nevenstroom;voedselverliezen en nevenstromen landbouw per sector;FALSE;Vlaanderen;read in PDF;33;Tabel 14;;
C-067;Nevenstromen suikerbieten;Reststroom;Plantaardig - akkerbouw;Suikerbieten en nijverheidsgewassen;Suikerbiet;;4;landbouw (akkerbouw);Primaire productie;S080;OVAM Monitor voedselverlies 2023;2023;19706;19706;ton;1;nevenstroom;voedselverliezen en nevenstromen landbouw per sector;FALSE;Vlaanderen;read in PDF;33;Tabel 14;;
C-068;Nevenstromen aardappelen;Reststroom;Plantaardig - akkerbouw;Aardappelen en knolgewassen;Aardappel;;4;landbouw (akkerbouw);Primaire productie;S080;OVAM Monitor voedselverlies 2023;2023;118434;118434;ton;1;nevenstroom;voedselverliezen en nevenstromen landbouw per sector;FALSE;Vlaanderen;read in PDF;33;Tabel 14;;
C-069;Nevenstromen akkerbouw totaal;Reststroom;Plantaardig - akkerbouw;;;;2;landbouw (akkerbouw);Primaire productie;S080;OVAM Monitor voedselverlies 2023;2023;138140;138140;ton;1;nevenstroom;voedselverliezen en nevenstromen landbouw per sector;FALSE;Vlaanderen;read in PDF;33;Tabel 14;;
C-070;Nevenstromen melk;Reststroom;Dierlijk - vee;Melk;;;3;landbouw (veehouderij);Primaire productie;S080;OVAM Monitor voedselverlies 2023;2023;0;0;ton;1;nevenstroom;voedselverliezen en nevenstromen landbouw per sector;FALSE;Vlaanderen;read in PDF;33;Tabel 14;;
C-071;Nevenstromen eieren;Reststroom;Dierlijk - vee;Eieren;;;3;landbouw (veehouderij);Primaire productie;S080;OVAM Monitor voedselverlies 2023;2023;128;128;ton;1;nevenstroom;voedselverliezen en nevenstromen landbouw per sector;FALSE;Vlaanderen;read in PDF;33;Tabel 14;;
C-072;Nevenstromen veehouderij totaal;Reststroom;Dierlijk - vee;;;;2;landbouw (veehouderij);Primaire productie;S080;OVAM Monitor voedselverlies 2023;2023;128;128;ton;1;nevenstroom;voedselverliezen en nevenstromen landbouw per sector;FALSE;Vlaanderen;read in PDF;33;Tabel 14;;
C-073;AGGREGAAT - voedselverliezen landbouw totaal (incl. niet-geoogste aardappelen);Reststroom;Aggregaat;;;;2;landbouw;Primaire productie;S080;OVAM Monitor voedselverlies 2023;2023;716874;716874;ton;1;voedselverlies;"voedselverliezen en nevenstromen landbouw per sector; **incl. 308.000 ton niet-geoogste aardappelen";FALSE;Vlaanderen;read in PDF;33;Tabel 14;ook in tekst p.32 en Tabel 16 (p.36);
C-074;AGGREGAAT - nevenstromen landbouw totaal;Reststroom;Aggregaat;;;;2;landbouw;Primaire productie;S080;OVAM Monitor voedselverlies 2023;2023;21060;21060;ton;1;nevenstroom;"voedselverliezen en nevenstromen landbouw per sector; VERMOEDELIJKE BRONFOUT - zie log.md (subtotalen sommeren tot 215.060)";FALSE;Vlaanderen;read in PDF;33;Tabel 14;de bron drukt 215.060 in tekst p.32, Tabel 16 (p.36) en Figuur 5 (p.35);"exclude - vermoedelijke tikfout in de bron (21.060 i.p.v. 215.060); vervangen door C-077"
C-075;AGGREGAAT - totale voedselreststroom landbouw (excl. niet-geoogste aardappelen);Reststroom;Aggregaat;;;;2;landbouw;Primaire productie;S080;OVAM Monitor voedselverlies 2023;2023;623934;623934;ton;1;agri-food waste;"evolutie totale voedselreststroom, voedselverliezen en nevenstromen landbouw; *excl. 308.000 ton niet-geoogste aardappelen";FALSE;Vlaanderen;read in PDF;36;Tabel 16;"ook in Figuur 5 (p.35); variant: Tabel 12 (p.30) drukt 623.935 - zie C-049";
C-076;AGGREGAAT - voedselverlies landbouw (excl. niet-geoogste aardappelen);Reststroom;Aggregaat;;;;2;landbouw;Primaire productie;S080;OVAM Monitor voedselverlies 2023;2023;408874;408874;ton;1;voedselverlies;"evolutie totale voedselreststroom, voedselverliezen en nevenstromen landbouw; *excl. 308.000 ton niet-geoogste aardappelen";FALSE;Vlaanderen;read in PDF;36;Tabel 16;ook in Figuur 5 (p.35);
C-077;AGGREGAAT - nevenstromen landbouw;Reststroom;Aggregaat;;;;2;landbouw;Primaire productie;S080;OVAM Monitor voedselverlies 2023;2023;215060;215060;ton;1;nevenstroom;evolutie totale voedselreststroom, voedselverliezen en nevenstromen landbouw;FALSE;Vlaanderen;read in PDF;36;Tabel 16;ook in tekst p.32, Figuur 5 (p.35) en Tabel 7 (p.19, cel 'ingezameld');
C-078;Aanvoer Aardbeien (PO's);Productievolume;Plantaardig - tuinbouw;Fruit;Aardbei;;4;producentenorganisaties groenten en fruit;Producentenorganisaties/veilingen;S080;OVAM Monitor voedselverlies 2023;2023;44949;44949;ton;1;hoofdstroom;aanvoer van de tien belangrijkste groenten en fruit (VBT-jaarverslag);FALSE;Vlaanderen;read in PDF;38;Figuur 6;;
C-079;Aanvoer Appelen (PO's);Productievolume;Plantaardig - tuinbouw;Fruit;Appel;;4;producentenorganisaties groenten en fruit;Producentenorganisaties/veilingen;S080;OVAM Monitor voedselverlies 2023;2023;85069;85069;ton;1;hoofdstroom;aanvoer van de tien belangrijkste groenten en fruit (VBT-jaarverslag);FALSE;Vlaanderen;read in PDF;38;Figuur 6;;
C-080;Aanvoer Champignons (PO's);Productievolume;Plantaardig - tuinbouw;Groenten beschut;Champignon;;4;producentenorganisaties groenten en fruit;Producentenorganisaties/veilingen;S080;OVAM Monitor voedselverlies 2023;2023;6438;6438;ton;1;hoofdstroom;aanvoer van de tien belangrijkste groenten en fruit (VBT-jaarverslag);FALSE;Vlaanderen;read in PDF;38;Figuur 6;;
C-081;Aanvoer Paprika (PO's);Productievolume;Plantaardig - tuinbouw;Groenten beschut;Paprika;;4;producentenorganisaties groenten en fruit;Producentenorganisaties/veilingen;S080;OVAM Monitor voedselverlies 2023;2023;51425;51425;ton;1;hoofdstroom;aanvoer van de tien belangrijkste groenten en fruit (VBT-jaarverslag);FALSE;Vlaanderen;read in PDF;38;Figuur 6;;
C-082;Aanvoer Peren (PO's);Productievolume;Plantaardig - tuinbouw;Fruit;Peer;;4;producentenorganisaties groenten en fruit;Producentenorganisaties/veilingen;S080;OVAM Monitor voedselverlies 2023;2023;152903;152903;ton;1;hoofdstroom;aanvoer van de tien belangrijkste groenten en fruit (VBT-jaarverslag);FALSE;Vlaanderen;read in PDF;38;Figuur 6;;
C-083;Aanvoer Prei (PO's);Productievolume;Plantaardig - tuinbouw;Groenten openlucht;Prei;;4;producentenorganisaties groenten en fruit;Producentenorganisaties/veilingen;S080;OVAM Monitor voedselverlies 2023;2023;44056;44056;ton;1;hoofdstroom;aanvoer van de tien belangrijkste groenten en fruit (VBT-jaarverslag);FALSE;Vlaanderen;read in PDF;38;Figuur 6;;
C-084;Aanvoer Tomaten (PO's);Productievolume;Plantaardig - tuinbouw;Groenten beschut;Tomaat;;4;producentenorganisaties groenten en fruit;Producentenorganisaties/veilingen;S080;OVAM Monitor voedselverlies 2023;2023;214066;214066;ton;1;hoofdstroom;aanvoer van de tien belangrijkste groenten en fruit (VBT-jaarverslag);FALSE;Vlaanderen;read in PDF;38;Figuur 6;;
C-085;Aanvoer Witloof (PO's);Productievolume;Plantaardig - tuinbouw;Groenten openlucht;Witloof;;4;producentenorganisaties groenten en fruit;Producentenorganisaties/veilingen;S080;OVAM Monitor voedselverlies 2023;2023;33577;33577;ton;1;hoofdstroom;aanvoer van de tien belangrijkste groenten en fruit (VBT-jaarverslag);FALSE;Vlaanderen;read in PDF;38;Figuur 6;;
C-086;Aanvoer groenten en fruit PO's totaal (som van 10 belangrijkste);Productievolume;Plantaardig - tuinbouw;;;;2;producentenorganisaties groenten en fruit;Producentenorganisaties/veilingen;S080;OVAM Monitor voedselverlies 2023;2023;700000;700000;ton;1;hoofdstroom;"aanvoer groenten en fruit; de bron schrijft 'ruim 700.000 ton' - benaderende waarde";FALSE;Vlaanderen;read in PDF;38;tekst;;
C-087;Niet verkocht product PO's - voedselreststroom;Reststroom;Plantaardig - tuinbouw;;;;2;producentenorganisaties groenten en fruit;Producentenorganisaties/veilingen;S080;OVAM Monitor voedselverlies 2023;2023;15189;15189;ton;1;agri-food waste;"niet verkocht product met niet-humane bestemming; totale voedselreststroom";FALSE;Vlaanderen;read in PDF;39;Tabel 17;ook in tekst p.38, Tabel 20 (p.42) en Figuur 7 (p.41);
C-088;Niet verkocht product PO's - voedselverliezen;Reststroom;Plantaardig - tuinbouw;;;;2;producentenorganisaties groenten en fruit;Producentenorganisaties/veilingen;S080;OVAM Monitor voedselverlies 2023;2023;15181;15181;ton;1;voedselverlies;"eetbare voedselreststromen; opsplitsing berust op aannames";FALSE;Vlaanderen;read in PDF;40;Tabel 19;ook in tekst p.39 en Figuur 7 (p.41);
C-089;Niet verkocht product PO's - nevenstromen;Reststroom;Plantaardig - tuinbouw;;;;2;producentenorganisaties groenten en fruit;Producentenorganisaties/veilingen;S080;OVAM Monitor voedselverlies 2023;2023;8;8;ton;1;nevenstroom;"niet-eetbare voedselreststromen; opsplitsing berust op aannames";FALSE;Vlaanderen;read in PDF;40;Tabel 19;ook in tekst p.39 en Figuur 7 (p.41);
C-090;AGGREGAAT - voedselverlies voedingsindustrie;Reststroom;Aggregaat;;;;2;voedingsindustrie;Voedingsindustrie;S080;OVAM Monitor voedselverlies 2023;2023;472557;472557;ton;1;voedselverlies;"voedselverlies (eetbare fractie); opsplitsing o.b.v. omschrijving MATIS/IMJV";FALSE;Vlaanderen;read in PDF;45;Tabel 22;ook in Tabel 25 (p.48), Tabel 26 (p.53), Figuur 8 (p.49);
C-091;AGGREGAAT - niet-eetbare nevenstromen voedingsindustrie;Reststroom;Aggregaat;;;;2;voedingsindustrie;Voedingsindustrie;S080;OVAM Monitor voedselverlies 2023;2023;1545191;1545191;ton;1;nevenstroom;"niet-eetbare nevenstromen; opsplitsing o.b.v. omschrijving MATIS/IMJV";FALSE;Vlaanderen;read in PDF;45;Tabel 22;ook in Tabel 26 (p.53), Figuur 8 (p.49);
C-092;AGGREGAAT - totale voedselreststromen voedingsindustrie;Reststroom;Aggregaat;;;;2;voedingsindustrie;Voedingsindustrie;S080;OVAM Monitor voedselverlies 2023;2023;2017748;2017748;ton;1;agri-food waste;"voedselreststromen = som van voedselverliezen en niet-eetbare nevenstromen; excl. slib";FALSE;Vlaanderen;read in PDF;45;Tabel 22;ook in Tabel 5 (p.17), Tabel 23 (p.47), Tabel 26 (p.53), Figuur 8 (p.49);
C-093;Voedselreststromen Bakkerij (voedingsindustrie);Reststroom;Gemengd;;;;2;voedingsindustrie;Voedingsindustrie;S080;OVAM Monitor voedselverlies 2023;2023;122276;122276;ton;1;agri-food waste;"voedselreststromen per subsector; de bron publiceert de opdeling voedselverliezen/nevenstromen niet per subsector";TRUE;Vlaanderen;read in PDF;47;Tabel 23;;
C-094;Voedselreststromen Aardappelen, groenten en fruit (voedingsindustrie);Reststroom;Gemengd;;;;2;voedingsindustrie;Voedingsindustrie;S080;OVAM Monitor voedselverlies 2023;2023;621063;621063;ton;1;agri-food waste;"voedselreststromen per subsector; de bron publiceert de opdeling voedselverliezen/nevenstromen niet per subsector";TRUE;Vlaanderen;read in PDF;47;Tabel 23;;
C-095;Voedselreststromen Dranken (voedingsindustrie);Reststroom;Gemengd;;;;2;voedingsindustrie;Voedingsindustrie;S080;OVAM Monitor voedselverlies 2023;2023;378539;378539;ton;1;agri-food waste;"voedselreststromen per subsector; de bron publiceert de opdeling voedselverliezen/nevenstromen niet per subsector";TRUE;Vlaanderen;read in PDF;47;Tabel 23;;
C-096;Voedselreststromen Olien, vetten (voedingsindustrie);Reststroom;Gemengd;;;;2;voedingsindustrie;Voedingsindustrie;S080;OVAM Monitor voedselverlies 2023;2023;95895;95895;ton;1;agri-food waste;"voedselreststromen per subsector; de bron publiceert de opdeling voedselverliezen/nevenstromen niet per subsector";TRUE;Vlaanderen;read in PDF;47;Tabel 23;;
C-097;Voedselreststromen Suiker, chocolade, bereide maaltijden, enz. (voedingsindustrie);Reststroom;Gemengd;;;;2;voedingsindustrie;Voedingsindustrie;S080;OVAM Monitor voedselverlies 2023;2023;191054;191054;ton;1;agri-food waste;"voedselreststromen per subsector; de bron publiceert de opdeling voedselverliezen/nevenstromen niet per subsector";TRUE;Vlaanderen;read in PDF;47;Tabel 23;;
C-098;Voedselreststromen Vlees, vis en gevogelte (voedingsindustrie);Reststroom;Gemengd;;;;2;voedingsindustrie;Voedingsindustrie;S080;OVAM Monitor voedselverlies 2023;2023;364233;364233;ton;1;agri-food waste;"voedselreststromen per subsector; de bron publiceert de opdeling voedselverliezen/nevenstromen niet per subsector";TRUE;Vlaanderen;read in PDF;47;Tabel 23;;
C-099;Voedselreststromen Deegwaren, dieetvoeding, zetmeel, maalderijen (voedingsindustrie);Reststroom;Gemengd;;;;2;voedingsindustrie;Voedingsindustrie;S080;OVAM Monitor voedselverlies 2023;2023;167446;167446;ton;1;agri-food waste;"voedselreststromen per subsector; de bron publiceert de opdeling voedselverliezen/nevenstromen niet per subsector";TRUE;Vlaanderen;read in PDF;47;Tabel 23;;
C-100;Voedselreststromen Zuivel (voedingsindustrie);Reststroom;Dierlijk - vee;Melk;;;3;voedingsindustrie;Voedingsindustrie;S080;OVAM Monitor voedselverlies 2023;2023;77215;77215;ton;1;agri-food waste;"voedselreststromen per subsector; de bron publiceert de opdeling voedselverliezen/nevenstromen niet per subsector";TRUE;Vlaanderen;read in PDF;47;Tabel 23;;
C-101;AGGREGAAT - productie voedingsindustrie;Productievolume;Aggregaat;;;;2;voedingsindustrie;Voedingsindustrie;S080;OVAM Monitor voedselverlies 2023;2023;15800000;15.8;miljoen ton;1000000;hoofdstroom;"productie van de Vlaamse voedingsindustrie voor humane voeding; schatting Fevia, 'qua grootteorde'";FALSE;Vlaanderen;read in PDF;48;tekst;;
C-102;Slachthuisstromen (huiden, botten e.d.);Reststroom;Dierlijk - vee;Vlees;;;3;voedingsindustrie (slachthuizen);Voedingsindustrie;S080;OVAM Monitor voedselverlies 2023;2020;50000;50000;ton;1;nevenstroom;"'ongeveer 50.000 ton'; door de bron uit de voedselreststroom geschrapt omdat het niet om voedsel gaat - was in de monitor 2020 opgenomen als niet-eetbare nevenstroom";FALSE;Vlaanderen;read in PDF;52;tekst;;
C-103;Voedselreststromen grootdistributie en supermarkten;Reststroom;Gemengd;;;;2;voedingsretail en grootdistributie;Retail & grootdistributie;S080;OVAM Monitor voedselverlies 2023;2023;115862;115862;ton;1;agri-food waste;totale voedselreststromen per segment;TRUE;Vlaanderen;read in PDF;55;Tabel 28;;
C-104;Voedselreststromen detailhandel voeding;Reststroom;Gemengd;;;;2;voedingsretail en grootdistributie;Retail & grootdistributie;S080;OVAM Monitor voedselverlies 2023;2023;16220;16220;ton;1;agri-food waste;totale voedselreststromen per segment;TRUE;Vlaanderen;read in PDF;55;Tabel 28;;
C-105;AGGREGAAT - totale voedselreststromen voedingsretail en grootdistributie;Reststroom;Aggregaat;;;;2;voedingsretail en grootdistributie;Retail & grootdistributie;S080;OVAM Monitor voedselverlies 2023;2023;132082;132082;ton;1;agri-food waste;totale voedselreststromen retail;FALSE;Vlaanderen;read in PDF;55;Tabel 28;ook in Tabel 29 (p.56) en Tabel 34 (p.61);
C-106;Voedselverliezen grootdistributie en supermarkten;Reststroom;Gemengd;;;;2;voedingsretail en grootdistributie;Retail & grootdistributie;S080;OVAM Monitor voedselverlies 2023;2023;53330;53330;ton;1;voedselverlies;voedselverliezen per segment (som van de bestemmingen);FALSE;Vlaanderen;read in PDF;56;Tabel 30;;
C-107;Voedselverliezen detailhandel voeding;Reststroom;Gemengd;;;;2;voedingsretail en grootdistributie;Retail & grootdistributie;S080;OVAM Monitor voedselverlies 2023;2023;6519;6519;ton;1;voedselverlies;voedselverliezen per segment (som van de bestemmingen);FALSE;Vlaanderen;read in PDF;56;Tabel 30;;
C-108;AGGREGAAT - totale voedselverliezen voedingsretail en grootdistributie;Reststroom;Aggregaat;;;;2;voedingsretail en grootdistributie;Retail & grootdistributie;S080;OVAM Monitor voedselverlies 2023;2023;59849;59849;ton;1;voedselverlies;voedselverliezen = eetbare voedselreststromen;FALSE;Vlaanderen;read in PDF;57;Tabel 32;"ook in Tabel 30 (p.56) en Figuur 9 (p.58); variant: Tabel 34 (p.62) drukt 58.849 - zie C-110";
C-109;AGGREGAAT - totale nevenstromen voedingsretail en grootdistributie;Reststroom;Aggregaat;;;;2;voedingsretail en grootdistributie;Retail & grootdistributie;S080;OVAM Monitor voedselverlies 2023;2023;72233;72233;ton;1;nevenstroom;nevenstromen = niet-eetbare voedselreststromen;FALSE;Vlaanderen;read in PDF;57;Tabel 32;ook in Figuur 9 (p.58) en Tabel 34 (p.62);
C-110;AGGREGAAT - totale voedselverliezen voedingsretail en grootdistributie (variant);Reststroom;Aggregaat;;;;2;voedingsretail en grootdistributie;Retail & grootdistributie;S080;OVAM Monitor voedselverlies 2023;2023;58849;58849;ton;1;voedselverlies;"totale voedselverliezen; wijkt af van de 59.849 ton in Tabel 30/32 - zie log.md";FALSE;Vlaanderen;read in PDF;62;Tabel 34;variant: Tabel 30/32 en Figuur 9 drukken 59.849 - zie C-108;
C-111;AGGREGAAT - voedselverliezen primaire sector (ingezameld);Reststroom;Aggregaat;;;;2;primaire sector (visveilingen, landbouwsector, PO's groenten en fruit);meerdere stadia;S080;OVAM Monitor voedselverlies 2023;2023;401011;401011;ton;1;voedselverlies;"voedselverliezen en nevenstromen per schakel in de primaire sector; de bron drukt geen rijtotaal, alleen de opsplitsing ingezameld/andere - nooit optellen met de zusterrij";FALSE;Vlaanderen;read in PDF;19;Tabel 7;;
C-112;AGGREGAAT - voedselverliezen primaire sector (andere bestemming);Reststroom;Aggregaat;;;;2;primaire sector (visveilingen, landbouwsector, PO's groenten en fruit);meerdere stadia;S080;OVAM Monitor voedselverlies 2023;2023;23146;23146;ton;1;voedselverlies;"voedselverliezen en nevenstromen per schakel in de primaire sector; de bron drukt geen rijtotaal, alleen de opsplitsing ingezameld/andere - nooit optellen met de zusterrij";FALSE;Vlaanderen;read in PDF;19;Tabel 7;;
C-113;AGGREGAAT - nevenstromen primaire sector (ingezameld);Reststroom;Aggregaat;;;;2;primaire sector (visveilingen, landbouwsector, PO's groenten en fruit);meerdere stadia;S080;OVAM Monitor voedselverlies 2023;2023;215162;215162;ton;1;nevenstroom;"voedselverliezen en nevenstromen per schakel in de primaire sector; de bron drukt geen rijtotaal, alleen de opsplitsing ingezameld/andere - nooit optellen met de zusterrij";FALSE;Vlaanderen;read in PDF;19;Tabel 7;;
C-114;AGGREGAAT - nevenstromen primaire sector (andere bestemming);Reststroom;Aggregaat;;;;2;primaire sector (visveilingen, landbouwsector, PO's groenten en fruit);meerdere stadia;S080;OVAM Monitor voedselverlies 2023;2023;8;8;ton;1;nevenstroom;"voedselverliezen en nevenstromen per schakel in de primaire sector; de bron drukt geen rijtotaal, alleen de opsplitsing ingezameld/andere - nooit optellen met de zusterrij";FALSE;Vlaanderen;read in PDF;19;Tabel 7;;
C-115;Aanvoer Schelvis;Productievolume;Dierlijk - vis;Vis;Schelvis;;4;visserij (totale aanvoer in Belgische havens);Visserij;S002;OVAM Monitor voedselverlies 2020;2020;98.9;98.9;ton;1;hoofdstroom;"aanvoer; bron drukt 'in Belgische havens' - alle Belgische vissershavens liggen in Vlaanderen (gesanctioneerde uitzondering)";FALSE;Vlaanderen;read in PDF;35;Tabel 13;;
C-116;Aanvoer Wijting;Productievolume;Dierlijk - vis;Vis;Wijting;;4;visserij (totale aanvoer in Belgische havens);Visserij;S002;OVAM Monitor voedselverlies 2020;2020;201.7;201.7;ton;1;hoofdstroom;"aanvoer; bron drukt 'in Belgische havens' - alle Belgische vissershavens liggen in Vlaanderen (gesanctioneerde uitzondering)";FALSE;Vlaanderen;read in PDF;35;Tabel 13;;
C-117;Aanvoer Heek;Productievolume;Dierlijk - vis;Vis;Heek;;4;visserij (totale aanvoer in Belgische havens);Visserij;S002;OVAM Monitor voedselverlies 2020;2020;56.5;56.5;ton;1;hoofdstroom;"aanvoer; bron drukt 'in Belgische havens' - alle Belgische vissershavens liggen in Vlaanderen (gesanctioneerde uitzondering)";FALSE;Vlaanderen;read in PDF;35;Tabel 13;;
C-118;Aanvoer Steenbolk;Productievolume;Dierlijk - vis;Vis;Steenbolk;;4;visserij (totale aanvoer in Belgische havens);Visserij;S002;OVAM Monitor voedselverlies 2020;2020;187.3;187.3;ton;1;hoofdstroom;"aanvoer; bron drukt 'in Belgische havens' - alle Belgische vissershavens liggen in Vlaanderen (gesanctioneerde uitzondering)";FALSE;Vlaanderen;read in PDF;35;Tabel 13;;
C-119;Aanvoer Schol;Productievolume;Dierlijk - vis;Vis;Schol;;4;visserij (totale aanvoer in Belgische havens);Visserij;S002;OVAM Monitor voedselverlies 2020;2020;2163.2;2163.2;ton;1;hoofdstroom;"aanvoer; bron drukt 'in Belgische havens' - alle Belgische vissershavens liggen in Vlaanderen (gesanctioneerde uitzondering)";FALSE;Vlaanderen;read in PDF;35;Tabel 13;;
C-120;Aanvoer Bot;Productievolume;Dierlijk - vis;Vis;Bot;;4;visserij (totale aanvoer in Belgische havens);Visserij;S002;OVAM Monitor voedselverlies 2020;2020;148.8;148.8;ton;1;hoofdstroom;"aanvoer; bron drukt 'in Belgische havens' - alle Belgische vissershavens liggen in Vlaanderen (gesanctioneerde uitzondering)";FALSE;Vlaanderen;read in PDF;35;Tabel 13;;
C-121;Aanvoer Schar;Productievolume;Dierlijk - vis;Vis;Schar;;4;visserij (totale aanvoer in Belgische havens);Visserij;S002;OVAM Monitor voedselverlies 2020;2020;153.1;153.1;ton;1;hoofdstroom;"aanvoer; bron drukt 'in Belgische havens' - alle Belgische vissershavens liggen in Vlaanderen (gesanctioneerde uitzondering)";FALSE;Vlaanderen;read in PDF;35;Tabel 13;;
C-122;Aanvoer Roggen;Productievolume;Dierlijk - vis;Vis;Roggen;;4;visserij (totale aanvoer in Belgische havens);Visserij;S002;OVAM Monitor voedselverlies 2020;2020;1430.6;1430.6;ton;1;hoofdstroom;"aanvoer; bron drukt 'in Belgische havens' - alle Belgische vissershavens liggen in Vlaanderen (gesanctioneerde uitzondering)";FALSE;Vlaanderen;read in PDF;35;Tabel 13;;
C-123;Aanvoer Ponen;Productievolume;Dierlijk - vis;Vis;Ponen;;4;visserij (totale aanvoer in Belgische havens);Visserij;S002;OVAM Monitor voedselverlies 2020;2020;628.1;628.1;ton;1;hoofdstroom;"aanvoer; bron drukt 'in Belgische havens' - alle Belgische vissershavens liggen in Vlaanderen (gesanctioneerde uitzondering)";FALSE;Vlaanderen;read in PDF;35;Tabel 13;;
C-124;Aanvoer Kongeraal;Productievolume;Dierlijk - vis;Vis;Kongeraal;;4;visserij (totale aanvoer in Belgische havens);Visserij;S002;OVAM Monitor voedselverlies 2020;2020;30.2;30.2;ton;1;hoofdstroom;"aanvoer; bron drukt 'in Belgische havens' - alle Belgische vissershavens liggen in Vlaanderen (gesanctioneerde uitzondering)";FALSE;Vlaanderen;read in PDF;35;Tabel 13;;
C-125;Aanvoer Haaien alg.;Productievolume;Dierlijk - vis;Vis;Haaien alg.;;4;visserij (totale aanvoer in Belgische havens);Visserij;S002;OVAM Monitor voedselverlies 2020;2020;524.9;524.9;ton;1;hoofdstroom;"aanvoer; bron drukt 'in Belgische havens' - alle Belgische vissershavens liggen in Vlaanderen (gesanctioneerde uitzondering)";FALSE;Vlaanderen;read in PDF;35;Tabel 13;;
C-126;Aanvoer Andere demersale soorten;Productievolume;Dierlijk - vis;Vis;Andere demersale soorten;;4;visserij (totale aanvoer in Belgische havens);Visserij;S002;OVAM Monitor voedselverlies 2020;2020;4815.3;4815.3;ton;1;hoofdstroom;"aanvoer; bron drukt 'in Belgische havens' - alle Belgische vissershavens liggen in Vlaanderen (gesanctioneerde uitzondering)";FALSE;Vlaanderen;read in PDF;35;Tabel 13;;
C-127;Aanvoer Pelagische soorten;Productievolume;Dierlijk - vis;Vis;Pelagische soorten;;4;visserij (totale aanvoer in Belgische havens);Visserij;S002;OVAM Monitor voedselverlies 2020;2020;98.1;98.1;ton;1;hoofdstroom;"aanvoer; bron drukt 'in Belgische havens' - alle Belgische vissershavens liggen in Vlaanderen (gesanctioneerde uitzondering)";FALSE;Vlaanderen;read in PDF;35;Tabel 13;;
C-128;Aanvoer Schaal- en weekdieren;Productievolume;Dierlijk - vis;Vis;Schaal- en weekdieren;;4;visserij (totale aanvoer in Belgische havens);Visserij;S002;OVAM Monitor voedselverlies 2020;2020;2258.9;2258.9;ton;1;hoofdstroom;"aanvoer; bron drukt 'in Belgische havens' - alle Belgische vissershavens liggen in Vlaanderen (gesanctioneerde uitzondering)";FALSE;Vlaanderen;read in PDF;35;Tabel 13;;
C-129;Aanvoer vis, totaal alle vissoorten;Productievolume;Dierlijk - vis;Vis;;;3;visserij (totale aanvoer in Belgische havens);Visserij;S002;OVAM Monitor voedselverlies 2020;2020;12795.6;12795.6;ton;1;hoofdstroom;"aanvoer; bron drukt 'in Belgische havens' - alle Belgische vissershavens liggen in Vlaanderen (gesanctioneerde uitzondering)";FALSE;Vlaanderen;read in PDF;35;Tabel 13;;
C-130;Opgehouden Schelvis;Reststroom;Dierlijk - vis;Vis;Schelvis;;4;visveilingen (aan de markt onttrokken / opgehouden vis);Visveilingen;S002;OVAM Monitor voedselverlies 2020;2020;6;6;ton;1;agri-food waste;"opgehouden (aan de markt onttrokken op de veilklok); bron drukt 'in Belgische havens' - alle Belgische vissershavens liggen in Vlaanderen (gesanctioneerde uitzondering); geen eetbaar/oneetbaar-split per vissoort";TRUE;Vlaanderen;read in PDF;35;Tabel 13;;
C-131;Opgehouden Wijting;Reststroom;Dierlijk - vis;Vis;Wijting;;4;visveilingen (aan de markt onttrokken / opgehouden vis);Visveilingen;S002;OVAM Monitor voedselverlies 2020;2020;3.3;3.3;ton;1;agri-food waste;"opgehouden (aan de markt onttrokken op de veilklok); bron drukt 'in Belgische havens' - alle Belgische vissershavens liggen in Vlaanderen (gesanctioneerde uitzondering); geen eetbaar/oneetbaar-split per vissoort";TRUE;Vlaanderen;read in PDF;35;Tabel 13;;
C-132;Opgehouden Heek;Reststroom;Dierlijk - vis;Vis;Heek;;4;visveilingen (aan de markt onttrokken / opgehouden vis);Visveilingen;S002;OVAM Monitor voedselverlies 2020;2020;10;10;ton;1;agri-food waste;"opgehouden (aan de markt onttrokken op de veilklok); bron drukt 'in Belgische havens' - alle Belgische vissershavens liggen in Vlaanderen (gesanctioneerde uitzondering); geen eetbaar/oneetbaar-split per vissoort";TRUE;Vlaanderen;read in PDF;35;Tabel 13;;
C-133;Opgehouden Steenbolk;Reststroom;Dierlijk - vis;Vis;Steenbolk;;4;visveilingen (aan de markt onttrokken / opgehouden vis);Visveilingen;S002;OVAM Monitor voedselverlies 2020;2020;15.6;15.6;ton;1;agri-food waste;"opgehouden (aan de markt onttrokken op de veilklok); bron drukt 'in Belgische havens' - alle Belgische vissershavens liggen in Vlaanderen (gesanctioneerde uitzondering); geen eetbaar/oneetbaar-split per vissoort";TRUE;Vlaanderen;read in PDF;35;Tabel 13;;
C-134;Opgehouden Schol;Reststroom;Dierlijk - vis;Vis;Schol;;4;visveilingen (aan de markt onttrokken / opgehouden vis);Visveilingen;S002;OVAM Monitor voedselverlies 2020;2020;1.8;1.8;ton;1;agri-food waste;"opgehouden (aan de markt onttrokken op de veilklok); bron drukt 'in Belgische havens' - alle Belgische vissershavens liggen in Vlaanderen (gesanctioneerde uitzondering); geen eetbaar/oneetbaar-split per vissoort";TRUE;Vlaanderen;read in PDF;35;Tabel 13;;
C-135;Opgehouden Bot;Reststroom;Dierlijk - vis;Vis;Bot;;4;visveilingen (aan de markt onttrokken / opgehouden vis);Visveilingen;S002;OVAM Monitor voedselverlies 2020;2020;1.6;1.6;ton;1;agri-food waste;"opgehouden (aan de markt onttrokken op de veilklok); bron drukt 'in Belgische havens' - alle Belgische vissershavens liggen in Vlaanderen (gesanctioneerde uitzondering); geen eetbaar/oneetbaar-split per vissoort";TRUE;Vlaanderen;read in PDF;35;Tabel 13;;
C-136;Opgehouden Schar;Reststroom;Dierlijk - vis;Vis;Schar;;4;visveilingen (aan de markt onttrokken / opgehouden vis);Visveilingen;S002;OVAM Monitor voedselverlies 2020;2020;16.3;16.3;ton;1;agri-food waste;"opgehouden (aan de markt onttrokken op de veilklok); bron drukt 'in Belgische havens' - alle Belgische vissershavens liggen in Vlaanderen (gesanctioneerde uitzondering); geen eetbaar/oneetbaar-split per vissoort";TRUE;Vlaanderen;read in PDF;35;Tabel 13;;
C-137;Opgehouden Roggen;Reststroom;Dierlijk - vis;Vis;Roggen;;4;visveilingen (aan de markt onttrokken / opgehouden vis);Visveilingen;S002;OVAM Monitor voedselverlies 2020;2020;35.9;35.9;ton;1;agri-food waste;"opgehouden (aan de markt onttrokken op de veilklok); bron drukt 'in Belgische havens' - alle Belgische vissershavens liggen in Vlaanderen (gesanctioneerde uitzondering); geen eetbaar/oneetbaar-split per vissoort";TRUE;Vlaanderen;read in PDF;35;Tabel 13;;
C-138;Opgehouden Ponen;Reststroom;Dierlijk - vis;Vis;Ponen;;4;visveilingen (aan de markt onttrokken / opgehouden vis);Visveilingen;S002;OVAM Monitor voedselverlies 2020;2020;4.9;4.9;ton;1;agri-food waste;"opgehouden (aan de markt onttrokken op de veilklok); bron drukt 'in Belgische havens' - alle Belgische vissershavens liggen in Vlaanderen (gesanctioneerde uitzondering); geen eetbaar/oneetbaar-split per vissoort";TRUE;Vlaanderen;read in PDF;35;Tabel 13;;
C-139;Opgehouden Kongeraal;Reststroom;Dierlijk - vis;Vis;Kongeraal;;4;visveilingen (aan de markt onttrokken / opgehouden vis);Visveilingen;S002;OVAM Monitor voedselverlies 2020;2020;8.7;8.7;ton;1;agri-food waste;"opgehouden (aan de markt onttrokken op de veilklok); bron drukt 'in Belgische havens' - alle Belgische vissershavens liggen in Vlaanderen (gesanctioneerde uitzondering); geen eetbaar/oneetbaar-split per vissoort";TRUE;Vlaanderen;read in PDF;35;Tabel 13;;
C-140;Opgehouden Haaien alg.;Reststroom;Dierlijk - vis;Vis;Haaien alg.;;4;visveilingen (aan de markt onttrokken / opgehouden vis);Visveilingen;S002;OVAM Monitor voedselverlies 2020;2020;0.9;0.9;ton;1;agri-food waste;"opgehouden (aan de markt onttrokken op de veilklok); bron drukt 'in Belgische havens' - alle Belgische vissershavens liggen in Vlaanderen (gesanctioneerde uitzondering); geen eetbaar/oneetbaar-split per vissoort";TRUE;Vlaanderen;read in PDF;35;Tabel 13;;
C-141;Opgehouden Andere demersale soorten;Reststroom;Dierlijk - vis;Vis;Andere demersale soorten;;4;visveilingen (aan de markt onttrokken / opgehouden vis);Visveilingen;S002;OVAM Monitor voedselverlies 2020;2020;94.1;94.1;ton;1;agri-food waste;"opgehouden (aan de markt onttrokken op de veilklok); bron drukt 'in Belgische havens' - alle Belgische vissershavens liggen in Vlaanderen (gesanctioneerde uitzondering); geen eetbaar/oneetbaar-split per vissoort";TRUE;Vlaanderen;read in PDF;35;Tabel 13;;
C-142;Opgehouden Pelagische soorten;Reststroom;Dierlijk - vis;Vis;Pelagische soorten;;4;visveilingen (aan de markt onttrokken / opgehouden vis);Visveilingen;S002;OVAM Monitor voedselverlies 2020;2020;0;0;ton;1;agri-food waste;"opgehouden (aan de markt onttrokken op de veilklok); bron drukt 'in Belgische havens' - alle Belgische vissershavens liggen in Vlaanderen (gesanctioneerde uitzondering); geen eetbaar/oneetbaar-split per vissoort";TRUE;Vlaanderen;read in PDF;35;Tabel 13;;
C-143;Opgehouden Schaal- en weekdieren;Reststroom;Dierlijk - vis;Vis;Schaal- en weekdieren;;4;visveilingen (aan de markt onttrokken / opgehouden vis);Visveilingen;S002;OVAM Monitor voedselverlies 2020;2020;8.5;8.5;ton;1;agri-food waste;"opgehouden (aan de markt onttrokken op de veilklok); bron drukt 'in Belgische havens' - alle Belgische vissershavens liggen in Vlaanderen (gesanctioneerde uitzondering); geen eetbaar/oneetbaar-split per vissoort";TRUE;Vlaanderen;read in PDF;35;Tabel 13;;
C-144;Opgehouden vis, totaal alle vissoorten (= totale voedselreststroom visveilingen);Reststroom;Dierlijk - vis;Vis;;;3;visveilingen (aan de markt onttrokken / opgehouden vis);Visveilingen;S002;OVAM Monitor voedselverlies 2020;2020;207.6;207.6;ton;1;agri-food waste;"opgehouden (aan de markt onttrokken op de veilklok); bron drukt 'in Belgische havens' - alle Belgische vissershavens liggen in Vlaanderen (gesanctioneerde uitzondering); geen eetbaar/oneetbaar-split per vissoort";TRUE;Vlaanderen;read in PDF;35;Tabel 13;afgerond tot 208 ton in Tabel 4 (p.21), Tabel 5 (p.22), Tabel 16 (p.37) en de lopende tekst p.35 en p.36;
C-145;Voedselverliezen visveilingen (eetbare fractie, 50%-aanname);Reststroom;Dierlijk - vis;Vis;;;3;visveilingen;Visveilingen;S002;OVAM Monitor voedselverlies 2020;2020;104;104;ton;1;voedselverlies;"voedselverlies; eetbare fractie geraamd op een vast aandeel van 50% (geen soortspecifieke data)";FALSE;Vlaanderen;read in PDF;37;Tabel 16;ook in Tabel 1 (p.11), Tabel 7 (p.26), Tabel 8 (p.27, inzamelwijze-cel), tekst p.36;
C-146;Nevenstromen visveilingen (niet-eetbare fractie, 50%-aanname);Reststroom;Dierlijk - vis;Vis;;;3;visveilingen;Visveilingen;S002;OVAM Monitor voedselverlies 2020;2020;104;104;ton;1;nevenstroom;"nevenstroom; niet-eetbare fractie geraamd op een vast aandeel van 50% (geen soortspecifieke data)";FALSE;Vlaanderen;read in PDF;37;Tabel 16;ook in Tabel 1 (p.11), Tabel 7 (p.26), Tabel 8 (p.27, inzamelwijze-cel), tekst p.36;
C-147;Aanvoer vis via de Vlaamse Visveiling (jaarlijkse doorstroom);Productievolume;Dierlijk - vis;Vis;;;3;visveilingen;Visveilingen;S002;OVAM Monitor voedselverlies 2020;"gemengd (jaarlijks; bron Vlaamse Visveiling, 2022)";17000;17;miljoen kg;1000;hoofdstroom;'jaarlijks vindt zo'n 17 miljoen kg vis hun weg via groothandel naar consumenten binnen heel Europa' (Vlaamse Visveiling, 2022) - benaderend, niet jaar-specifiek;FALSE;Vlaanderen;read in PDF;34;tekst;;
C-148;Totale voedselreststroom visserij (Tabel 5 drukt 0);Reststroom;Dierlijk - vis;Vis;;;3;visserij;Visserij;S002;OVAM Monitor voedselverlies 2020;2020;0;0;ton;1;agri-food waste;"Tabel 5 drukt 0 ton; Tabel 4 (p.21) en Tabel 12 (p.34) drukken 'n/a' voor dezelfde grootheid - sinds de aanlandingsplicht (2019) worden teruggooivolumes niet meer opgevolgd";TRUE;Vlaanderen;read in PDF;22;Tabel 5;variant: Tabel 4 (p.21) en Tabel 12 (p.34) drukken 'n/a' voor deze grootheid;
C-149;Voedselreststromen groenten openlucht (totaal);Reststroom;Plantaardig - tuinbouw;Groenten openlucht;;;3;landbouw;Primaire productie;S002;OVAM Monitor voedselverlies 2020;2020;260180;260180;ton;1;agri-food waste;voedselreststromen (= voedselverliezen + nevenstromen);FALSE;Vlaanderen;read in PDF;39;Tabel 17;;
C-150;Voedselreststromen groenten beschutte teelt (totaal);Reststroom;Plantaardig - tuinbouw;Groenten beschut;;;3;landbouw;Primaire productie;S002;OVAM Monitor voedselverlies 2020;2020;21434;21434;ton;1;agri-food waste;voedselreststromen (= voedselverliezen + nevenstromen);FALSE;Vlaanderen;read in PDF;39;Tabel 17;;
C-151;Voedselreststromen fruit (totaal);Reststroom;Plantaardig - tuinbouw;Fruit;;;3;landbouw;Primaire productie;S002;OVAM Monitor voedselverlies 2020;2020;29329;29329;ton;1;agri-food waste;voedselreststromen (= voedselverliezen + nevenstromen);FALSE;Vlaanderen;read in PDF;39;Tabel 17;;
C-152;Voedselreststromen tuinbouw, totaal (totaal);Reststroom;Plantaardig - tuinbouw;;;;2;landbouw;Primaire productie;S002;OVAM Monitor voedselverlies 2020;2020;310944;310944;ton;1;agri-food waste;voedselreststromen (= voedselverliezen + nevenstromen);FALSE;Vlaanderen;read in PDF;39;Tabel 17;afgerond 311.000 ton in de tekst p.39;
C-153;Voedselreststromen granen (totaal);Reststroom;Plantaardig - akkerbouw;Granen;;;3;landbouw;Primaire productie;S002;OVAM Monitor voedselverlies 2020;2020;3784;3784;ton;1;agri-food waste;voedselreststromen (= voedselverliezen + nevenstromen);FALSE;Vlaanderen;read in PDF;39;Tabel 17;;
C-154;Voedselreststromen suikerbieten (totaal);Reststroom;Plantaardig - akkerbouw;Suikerbieten en nijverheidsgewassen;Suikerbiet;;4;landbouw;Primaire productie;S002;OVAM Monitor voedselverlies 2020;2020;48662;48662;ton;1;agri-food waste;voedselreststromen (= voedselverliezen + nevenstromen);FALSE;Vlaanderen;read in PDF;39;Tabel 17;;
C-155;Voedselreststromen aardappelen (totaal);Reststroom;Plantaardig - akkerbouw;Aardappelen en knolgewassen;Aardappel;;4;landbouw;Primaire productie;S002;OVAM Monitor voedselverlies 2020;2020;102717;102717;ton;1;agri-food waste;voedselreststromen (= voedselverliezen + nevenstromen);FALSE;Vlaanderen;read in PDF;39;Tabel 17;;
C-156;Voedselreststromen akkerbouw, totaal (totaal);Reststroom;Plantaardig - akkerbouw;;;;2;landbouw;Primaire productie;S002;OVAM Monitor voedselverlies 2020;2020;155162;155162;ton;1;agri-food waste;voedselreststromen (= voedselverliezen + nevenstromen);FALSE;Vlaanderen;read in PDF;39;Tabel 17;afgerond 155.000 ton in de tekst p.39 en p.41;
C-157;Voedselreststromen melk (totaal);Reststroom;Dierlijk - vee;Melk;;;3;landbouw;Primaire productie;S002;OVAM Monitor voedselverlies 2020;2020;12007;12007;ton;1;agri-food waste;voedselreststromen (= voedselverliezen + nevenstromen);FALSE;Vlaanderen;read in PDF;39;Tabel 17;;
C-158;Voedselreststromen eieren (totaal);Reststroom;Dierlijk - vee;Eieren;;;3;landbouw;Primaire productie;S002;OVAM Monitor voedselverlies 2020;2020;982;982;ton;1;agri-food waste;voedselreststromen (= voedselverliezen + nevenstromen);FALSE;Vlaanderen;read in PDF;39;Tabel 17;;
C-159;Voedselreststromen veehouderij, totaal (totaal);Reststroom;Dierlijk - vee;;;;2;landbouw;Primaire productie;S002;OVAM Monitor voedselverlies 2020;2020;12989;12989;ton;1;agri-food waste;voedselreststromen (= voedselverliezen + nevenstromen);FALSE;Vlaanderen;read in PDF;39;Tabel 17;"afgerond 13.000 ton in de tekst p.39; variant: de tekst p.41 drukt 'afgerond 22.000 ton' - zie C-185";
C-160;AGGREGAAT - totale voedselreststroom landbouw;Reststroom;Aggregaat;;;;2;landbouw;Primaire productie;S002;OVAM Monitor voedselverlies 2020;2020;479095;479095;ton;1;agri-food waste;voedselreststromen (= voedselverliezen + nevenstromen);FALSE;Vlaanderen;read in PDF;39;Tabel 17;"ook in Tabel 4 (p.21), Tabel 5 (p.22), Tabel 22 (p.44), Figuur 6 (p.43); afgerond 479.000 ton in de tekst p.38";
C-161;Voedselverliezen groenten openlucht;Reststroom;Plantaardig - tuinbouw;Groenten openlucht;;;3;landbouw;Primaire productie;S002;OVAM Monitor voedselverlies 2020;2020;197842;197842;ton;1;voedselverlies;voedselverliezen (= eetbare voedselreststromen);FALSE;Vlaanderen;read in PDF;41;Tabel 20;;
C-162;Voedselverliezen groenten beschutte teelt;Reststroom;Plantaardig - tuinbouw;Groenten beschut;;;3;landbouw;Primaire productie;S002;OVAM Monitor voedselverlies 2020;2020;21363;21363;ton;1;voedselverlies;voedselverliezen (= eetbare voedselreststromen);FALSE;Vlaanderen;read in PDF;41;Tabel 20;;
C-163;Voedselverliezen fruit;Reststroom;Plantaardig - tuinbouw;Fruit;;;3;landbouw;Primaire productie;S002;OVAM Monitor voedselverlies 2020;2020;23908;23908;ton;1;voedselverlies;voedselverliezen (= eetbare voedselreststromen);FALSE;Vlaanderen;read in PDF;41;Tabel 20;;
C-164;Voedselverliezen tuinbouw, totaal;Reststroom;Plantaardig - tuinbouw;;;;2;landbouw;Primaire productie;S002;OVAM Monitor voedselverlies 2020;2020;243114;243114;ton;1;voedselverlies;voedselverliezen (= eetbare voedselreststromen);FALSE;Vlaanderen;read in PDF;41;Tabel 20;;
C-165;Voedselverliezen granen;Reststroom;Plantaardig - akkerbouw;Granen;;;3;landbouw;Primaire productie;S002;OVAM Monitor voedselverlies 2020;2020;3784;3784;ton;1;voedselverlies;voedselverliezen (= eetbare voedselreststromen);FALSE;Vlaanderen;read in PDF;41;Tabel 20;;
C-166;Voedselverliezen suikerbieten;Reststroom;Plantaardig - akkerbouw;Suikerbieten en nijverheidsgewassen;Suikerbiet;;4;landbouw;Primaire productie;S002;OVAM Monitor voedselverlies 2020;2020;8467;8467;ton;1;voedselverlies;voedselverliezen (= eetbare voedselreststromen);FALSE;Vlaanderen;read in PDF;41;Tabel 20;;
C-167;Voedselverliezen aardappelen;Reststroom;Plantaardig - akkerbouw;Aardappelen en knolgewassen;Aardappel;;4;landbouw;Primaire productie;S002;OVAM Monitor voedselverlies 2020;2020;80530;80530;ton;1;voedselverlies;voedselverliezen (= eetbare voedselreststromen);FALSE;Vlaanderen;read in PDF;41;Tabel 20;;
C-168;Voedselverliezen akkerbouw, totaal;Reststroom;Plantaardig - akkerbouw;;;;2;landbouw;Primaire productie;S002;OVAM Monitor voedselverlies 2020;2020;92781;92781;ton;1;voedselverlies;voedselverliezen (= eetbare voedselreststromen);FALSE;Vlaanderen;read in PDF;41;Tabel 20;;
C-169;Voedselverliezen melk;Reststroom;Dierlijk - vee;Melk;;;3;landbouw;Primaire productie;S002;OVAM Monitor voedselverlies 2020;2020;12007;12007;ton;1;voedselverlies;voedselverliezen (= eetbare voedselreststromen);FALSE;Vlaanderen;read in PDF;41;Tabel 20;;
C-170;Voedselverliezen eieren;Reststroom;Dierlijk - vee;Eieren;;;3;landbouw;Primaire productie;S002;OVAM Monitor voedselverlies 2020;2020;884;884;ton;1;voedselverlies;voedselverliezen (= eetbare voedselreststromen);FALSE;Vlaanderen;read in PDF;41;Tabel 20;;
C-171;Voedselverliezen veehouderij, totaal;Reststroom;Dierlijk - vee;;;;2;landbouw;Primaire productie;S002;OVAM Monitor voedselverlies 2020;2020;12891;12891;ton;1;voedselverlies;voedselverliezen (= eetbare voedselreststromen);FALSE;Vlaanderen;read in PDF;41;Tabel 20;;
C-172;AGGREGAAT - voedselverliezen landbouw;Reststroom;Aggregaat;;;;2;landbouw;Primaire productie;S002;OVAM Monitor voedselverlies 2020;2020;348786;348786;ton;1;voedselverlies;voedselverliezen (= eetbare voedselreststromen);FALSE;Vlaanderen;read in PDF;41;Tabel 20;"ook in Tabel 1 (p.11), Tabel 7 (p.26), Tabel 22 (p.44), Figuur 6 (p.43); afgerond 349.000 ton in de tekst p.41";
C-173;Nevenstromen groenten openlucht;Reststroom;Plantaardig - tuinbouw;Groenten openlucht;;;3;landbouw;Primaire productie;S002;OVAM Monitor voedselverlies 2020;2020;62338;62338;ton;1;nevenstroom;nevenstromen (= niet-eetbare voedselreststromen);FALSE;Vlaanderen;read in PDF;41;Tabel 20;;
C-174;Nevenstromen groenten beschutte teelt;Reststroom;Plantaardig - tuinbouw;Groenten beschut;;;3;landbouw;Primaire productie;S002;OVAM Monitor voedselverlies 2020;2020;71;71;ton;1;nevenstroom;nevenstromen (= niet-eetbare voedselreststromen);FALSE;Vlaanderen;read in PDF;41;Tabel 20;;
C-175;Nevenstromen fruit;Reststroom;Plantaardig - tuinbouw;Fruit;;;3;landbouw;Primaire productie;S002;OVAM Monitor voedselverlies 2020;2020;5421;5421;ton;1;nevenstroom;nevenstromen (= niet-eetbare voedselreststromen);FALSE;Vlaanderen;read in PDF;41;Tabel 20;;
C-176;Nevenstromen tuinbouw, totaal;Reststroom;Plantaardig - tuinbouw;;;;2;landbouw;Primaire productie;S002;OVAM Monitor voedselverlies 2020;2020;67830;67830;ton;1;nevenstroom;nevenstromen (= niet-eetbare voedselreststromen);FALSE;Vlaanderen;read in PDF;41;Tabel 20;;
C-177;Nevenstromen granen;Reststroom;Plantaardig - akkerbouw;Granen;;;3;landbouw;Primaire productie;S002;OVAM Monitor voedselverlies 2020;2020;0;0;ton;1;nevenstroom;nevenstromen (= niet-eetbare voedselreststromen);FALSE;Vlaanderen;read in PDF;41;Tabel 20;;
C-178;Nevenstromen suikerbieten;Reststroom;Plantaardig - akkerbouw;Suikerbieten en nijverheidsgewassen;Suikerbiet;;4;landbouw;Primaire productie;S002;OVAM Monitor voedselverlies 2020;2020;40195;40195;ton;1;nevenstroom;nevenstromen (= niet-eetbare voedselreststromen);FALSE;Vlaanderen;read in PDF;41;Tabel 20;;
C-179;Nevenstromen aardappelen;Reststroom;Plantaardig - akkerbouw;Aardappelen en knolgewassen;Aardappel;;4;landbouw;Primaire productie;S002;OVAM Monitor voedselverlies 2020;2020;22187;22187;ton;1;nevenstroom;nevenstromen (= niet-eetbare voedselreststromen);FALSE;Vlaanderen;read in PDF;41;Tabel 20;;
C-180;Nevenstromen akkerbouw, totaal;Reststroom;Plantaardig - akkerbouw;;;;2;landbouw;Primaire productie;S002;OVAM Monitor voedselverlies 2020;2020;62381;62381;ton;1;nevenstroom;nevenstromen (= niet-eetbare voedselreststromen);FALSE;Vlaanderen;read in PDF;41;Tabel 20;;
C-181;Nevenstromen melk;Reststroom;Dierlijk - vee;Melk;;;3;landbouw;Primaire productie;S002;OVAM Monitor voedselverlies 2020;2020;0;0;ton;1;nevenstroom;nevenstromen (= niet-eetbare voedselreststromen);FALSE;Vlaanderen;read in PDF;41;Tabel 20;;
C-182;Nevenstromen eieren;Reststroom;Dierlijk - vee;Eieren;;;3;landbouw;Primaire productie;S002;OVAM Monitor voedselverlies 2020;2020;98;98;ton;1;nevenstroom;nevenstromen (= niet-eetbare voedselreststromen);FALSE;Vlaanderen;read in PDF;41;Tabel 20;;
C-183;Nevenstromen veehouderij, totaal;Reststroom;Dierlijk - vee;;;;2;landbouw;Primaire productie;S002;OVAM Monitor voedselverlies 2020;2020;98;98;ton;1;nevenstroom;nevenstromen (= niet-eetbare voedselreststromen);FALSE;Vlaanderen;read in PDF;41;Tabel 20;;
C-184;AGGREGAAT - nevenstromen landbouw;Reststroom;Aggregaat;;;;2;landbouw;Primaire productie;S002;OVAM Monitor voedselverlies 2020;2020;130309;130309;ton;1;nevenstroom;nevenstromen (= niet-eetbare voedselreststromen);FALSE;Vlaanderen;read in PDF;41;Tabel 20;"ook in Tabel 1 (p.11), Tabel 7 (p.26), Tabel 8 (p.27), Tabel 22 (p.44), Figuur 6 (p.43); afgerond 130.000 ton in de tekst p.41";
C-185;Voedselreststromen veehouderij, totaal (tekst p.41: 'afgerond 22.000 ton');Reststroom;Dierlijk - vee;;;;2;landbouw;Primaire productie;S002;OVAM Monitor voedselverlies 2020;2020;22000;22000;ton;1;agri-food waste;"'In de veehouderij ontstaan er afgerond 22.000 ton voedselreststromen, waarvan de grote meerderheid voedselverliezen (93%)' - vermoedelijke bronfout: breekt het landbouwtotaal; zie log.md";TRUE;Vlaanderen;read in PDF;41;tekst;variant: Tabel 17 (p.39) drukt 12.989 en de tekst p.39 'afgerond 13.000 ton' - zie C-159;
C-186;Totale voedselreststroom producentenorganisaties groenten en fruit;Reststroom;Plantaardig - tuinbouw;;;;2;producentenorganisaties groenten en fruit;Producentenorganisaties/veilingen;S002;OVAM Monitor voedselverlies 2020;2020;15954;15954;ton;1;agri-food waste;"voedselreststromen (= niet-humane bestemming van niet-verkocht product); enkel VBT-leden (ca. 90% van de PO-omzet)";FALSE;Vlaanderen;read in PDF;50;Tabel 27;ook in Tabel 4 (p.21), Tabel 5 (p.22), Tabel 23 (p.47), Tabel 26 (p.50), Figuur 7 (p.49), tekst p.46;
C-187;Voedselverliezen producentenorganisaties groenten en fruit;Reststroom;Plantaardig - tuinbouw;;;;2;producentenorganisaties groenten en fruit;Producentenorganisaties/veilingen;S002;OVAM Monitor voedselverlies 2020;2020;15156;15156;ton;1;voedselverlies;"voedselverliezen (= eetbare voedselreststromen); opsplitsing op basis van aannames";FALSE;Vlaanderen;read in PDF;48;Tabel 25;ook in Tabel 1 (p.11), Tabel 7 (p.26), Tabel 27 (p.50), Figuur 7 (p.49), tekst p.48;
C-188;Nevenstromen producentenorganisaties groenten en fruit;Reststroom;Plantaardig - tuinbouw;;;;2;producentenorganisaties groenten en fruit;Producentenorganisaties/veilingen;S002;OVAM Monitor voedselverlies 2020;2020;798;798;ton;1;nevenstroom;"nevenstromen (= niet-eetbare voedselreststromen); opsplitsing op basis van aannames";FALSE;Vlaanderen;read in PDF;48;Tabel 25;ook in Tabel 1 (p.11), Tabel 7 (p.26), Tabel 27 (p.50), Figuur 7 (p.49), tekst p.48;
C-189;Aanvoer groenten en fruit bij de VBT-leden;Productievolume;Plantaardig - tuinbouw;;;;2;producentenorganisaties groenten en fruit;Producentenorganisaties/veilingen;S002;OVAM Monitor voedselverlies 2020;2020;1129631;1129631;ton;1;hoofdstroom;aangevoerd product bij de VBT-leden;FALSE;Vlaanderen;read in PDF;48;tekst;afgerond 'ruim 1,1 miljoen ton' in de tekst p.46;
C-190;AGGREGAAT - totale voedselreststroom voedingsindustrie (Vlaamse definitie, excl. slib);Reststroom;Aggregaat;;;;2;voedingsindustrie;Voedingsindustrie;S002;OVAM Monitor voedselverlies 2020;2020;1999383;1999383;ton;1;agri-food waste;"voedselreststromen (= voedselverliezen + niet-eetbare nevenstromen); slib (484.693 ton) apart vermeld en niet meegeteld";FALSE;Vlaanderen;read in PDF;53;Tabel 29;"ook in Tabel 4 (p.21), Tabel 30 (p.54), Tabel 34 (p.61), Figuur 8 (p.57); 'bijna 2 miljoen ton' in de tekst p.53; variant: Tabel 5 (p.22) drukt 1.999.983 - zie C-193";
C-191;AGGREGAAT - voedselverliezen voedingsindustrie;Reststroom;Aggregaat;;;;2;voedingsindustrie;Voedingsindustrie;S002;OVAM Monitor voedselverlies 2020;2020;229240;229240;ton;1;voedselverlies;"voedselverlies (= eetbare voedselreststromen); opsplitsing op basis van aannames";FALSE;Vlaanderen;read in PDF;53;Tabel 29;ook in Tabel 1 (p.11), Tabel 7 (p.26), Tabel 32 (p.56), Tabel 34 (p.61), Figuur 8 (p.57);
C-192;AGGREGAAT - nevenstromen voedingsindustrie;Reststroom;Aggregaat;;;;2;voedingsindustrie;Voedingsindustrie;S002;OVAM Monitor voedselverlies 2020;2020;1770143;1770143;ton;1;nevenstroom;"niet-eetbare nevenstromen; opsplitsing op basis van aannames";FALSE;Vlaanderen;read in PDF;53;Tabel 29;ook in Tabel 1 (p.11), Tabel 7 (p.26), Tabel 34 (p.61), Figuur 8 (p.57);
C-193;AGGREGAAT - totale voedselreststroom voedingsindustrie (variant Tabel 5);Reststroom;Aggregaat;;;;2;voedingsindustrie;Voedingsindustrie;S002;OVAM Monitor voedselverlies 2020;2020;1999983;1999983;ton;1;agri-food waste;"sectortotaal in de bestemmingentabel; vermoedelijke bronfout - breekt het ketentotaal van 3.051.469 ton; zie log.md";FALSE;Vlaanderen;read in PDF;22;Tabel 5;variant: Tabel 4 (p.21), Tabel 29 (p.53), Tabel 30 (p.54) en Tabel 34 (p.61) drukken 1.999.383 - zie C-190;
C-194;Voedselreststromen voedingsindustrie - Bakkerij;Reststroom;Gemengd;;;;2;voedingsindustrie;Voedingsindustrie;S002;OVAM Monitor voedselverlies 2020;2020;37755;37755;ton;1;agri-food waste;"voedselreststromen per subsector; de bron publiceert de opdeling voedselverliezen/nevenstromen bewust niet per subsector (p.60)";TRUE;Vlaanderen;read in PDF;54;Tabel 30;;
C-195;Voedselreststromen voedingsindustrie - Aardappelen, groenten en fruit;Reststroom;Gemengd;;;;2;voedingsindustrie;Voedingsindustrie;S002;OVAM Monitor voedselverlies 2020;2020;653463;653463;ton;1;agri-food waste;"voedselreststromen per subsector; de bron publiceert de opdeling voedselverliezen/nevenstromen bewust niet per subsector (p.60)";TRUE;Vlaanderen;read in PDF;54;Tabel 30;;
C-196;Voedselreststromen voedingsindustrie - Dranken;Reststroom;Gemengd;;;;2;voedingsindustrie;Voedingsindustrie;S002;OVAM Monitor voedselverlies 2020;2020;343166;343166;ton;1;agri-food waste;"voedselreststromen per subsector; de bron publiceert de opdeling voedselverliezen/nevenstromen bewust niet per subsector (p.60)";TRUE;Vlaanderen;read in PDF;54;Tabel 30;;
C-197;Voedselreststromen voedingsindustrie - Oliën, vetten;Reststroom;Gemengd;;;;2;voedingsindustrie;Voedingsindustrie;S002;OVAM Monitor voedselverlies 2020;2020;57723;57723;ton;1;agri-food waste;"voedselreststromen per subsector; de bron publiceert de opdeling voedselverliezen/nevenstromen bewust niet per subsector (p.60)";TRUE;Vlaanderen;read in PDF;54;Tabel 30;;
C-198;Voedselreststromen voedingsindustrie - Suiker, chocolade, bereide maaltijden, enz.;Reststroom;Gemengd;;;;2;voedingsindustrie;Voedingsindustrie;S002;OVAM Monitor voedselverlies 2020;2020;130271;130271;ton;1;agri-food waste;"voedselreststromen per subsector; de bron publiceert de opdeling voedselverliezen/nevenstromen bewust niet per subsector (p.60)";TRUE;Vlaanderen;read in PDF;54;Tabel 30;;
C-199;Voedselreststromen voedingsindustrie - Deegwaren, dieetvoeding, zetmeel, maalderijen;Reststroom;Gemengd;;;;2;voedingsindustrie;Voedingsindustrie;S002;OVAM Monitor voedselverlies 2020;2020;78995;78995;ton;1;agri-food waste;"voedselreststromen per subsector; de bron publiceert de opdeling voedselverliezen/nevenstromen bewust niet per subsector (p.60)";TRUE;Vlaanderen;read in PDF;54;Tabel 30;;
C-200;Voedselreststromen voedingsindustrie - Zuivel;Reststroom;Dierlijk - vee;Melk;;;3;voedingsindustrie;Voedingsindustrie;S002;OVAM Monitor voedselverlies 2020;2020;123219;123219;ton;1;agri-food waste;"voedselreststromen per subsector; de bron publiceert de opdeling voedselverliezen/nevenstromen bewust niet per subsector (p.60)";TRUE;Vlaanderen;read in PDF;54;Tabel 30;;
C-201;Voedselreststromen voedingsindustrie - Vlees, vis en gevogelte;Reststroom;Gemengd;;;;2;voedingsindustrie;Voedingsindustrie;S002;OVAM Monitor voedselverlies 2020;2020;574792;574792;ton;1;agri-food waste;"voedselreststromen per subsector; de bron publiceert de opdeling voedselverliezen/nevenstromen bewust niet per subsector (p.60)";TRUE;Vlaanderen;read in PDF;54;Tabel 30;;
C-202;AGGREGAAT - productie voedingsindustrie voor humane voeding;Productievolume;Aggregaat;;;;2;voedingsindustrie;Voedingsindustrie;S002;OVAM Monitor voedselverlies 2020;2020;15000000;15;miljoen ton;1000000;hoofdstroom;'Fevia schat de productie van de Vlaamse voedingsindustrie qua grootteorde op meer dan 15 miljoen ton' - benaderend, exacte cijfers niet beschikbaar;FALSE;Vlaanderen;read in PDF;56;tekst;;
C-203;Voedselreststromen grootdistributie en supermarkten (totaal);Reststroom;Gemengd;;;;2;retail - grootdistributie en supermarkten;Retail & grootdistributie;S002;OVAM Monitor voedselverlies 2020;2020;74642;74642;ton;1;agri-food waste;voedselreststromen retail, segment grootdistributie en supermarkten;FALSE;Vlaanderen;read in PDF;64;Tabel 36;ook in Tabel 37 (p.64);
C-204;Voedselreststromen detailhandel voeding (totaal);Reststroom;Gemengd;;;;2;retail - detailhandel voeding;Retail & grootdistributie;S002;OVAM Monitor voedselverlies 2020;2020;11160;11160;ton;1;agri-food waste;voedselreststromen retail, segment detailhandel voeding;FALSE;Vlaanderen;read in PDF;64;Tabel 36;ook in Tabel 37 (p.64);
C-205;AGGREGAAT - totale voedselreststroom retail;Reststroom;Aggregaat;;;;2;retail;Retail & grootdistributie;S002;OVAM Monitor voedselverlies 2020;2020;85802;85802;ton;1;agri-food waste;voedselreststromen retail;FALSE;Vlaanderen;read in PDF;64;Tabel 36;ook in Tabel 4 (p.21), Tabel 5 (p.22), Tabel 37 (p.64), Tabel 43 (p.69), Figuur 10 (p.66), tekst p.65;
C-206;AGGREGAAT - voedselverliezen retail;Reststroom;Aggregaat;;;;2;retail;Retail & grootdistributie;S002;OVAM Monitor voedselverlies 2020;2020;37381;37381;ton;1;voedselverlies;voedselverliezen (= eetbare voedselreststromen);FALSE;Vlaanderen;read in PDF;65;Tabel 40;ook in Tabel 1 (p.11), Tabel 7 (p.26), Tabel 38 (p.65), Tabel 43 (p.70), Figuur 10 (p.66);
C-207;AGGREGAAT - nevenstromen retail;Reststroom;Aggregaat;;;;2;retail;Retail & grootdistributie;S002;OVAM Monitor voedselverlies 2020;2020;48421;48421;ton;1;nevenstroom;nevenstromen (= niet-eetbare voedselreststromen), o.a. mosselschelpen;FALSE;Vlaanderen;read in PDF;65;Tabel 40;ook in Tabel 1 (p.11), Tabel 7 (p.26), Tabel 43 (p.70), Figuur 10 (p.66);
C-208;Voedselverliezen grootdistributie en supermarkten;Reststroom;Gemengd;;;;2;retail - grootdistributie en supermarkten;Retail & grootdistributie;S002;OVAM Monitor voedselverlies 2020;2020;28759;28759;ton;1;voedselverlies;voedselverliezen retail, segment grootdistributie en supermarkten;FALSE;Vlaanderen;read in PDF;65;Tabel 38;;
C-209;Voedselverliezen detailhandel voeding;Reststroom;Gemengd;;;;2;retail - detailhandel voeding;Retail & grootdistributie;S002;OVAM Monitor voedselverlies 2020;2020;8622;8622;ton;1;voedselverlies;voedselverliezen retail, segment detailhandel voeding;FALSE;Vlaanderen;read in PDF;65;Tabel 38;;
C-210;AGGREGAAT - totale voedselreststroom primaire sector;Reststroom;Aggregaat;;;;2;totaal primaire sector (visserij, visveilingen, landbouw, producentenorganisaties groenten en fruit);meerdere stadia;S002;OVAM Monitor voedselverlies 2020;2020;495257;495257;ton;1;agri-food waste;'Totaal primaire sector', voetnoot: omvat visserij, visveilingen, landbouw, producentenorganisaties groenten en fruit - alle vier binnen scope;TRUE;Vlaanderen;read in PDF;22;Tabel 5;;
C-211;AGGREGAAT - levensmiddelenafval landbouw (EU-definitie voedselafval);Reststroom;Aggregaat;;;;2;landbouw;Primaire productie;S002;OVAM Monitor voedselverlies 2020;2020;28746;28746;ton;1;agri-food waste;"voedselafval volgens de Europese afbakening (specifieke Eural-codes; enkel de bestemmingen compostering/vergisting, dierlijke afvalverwerking en verbranding) - parallelle boekhouding naast de Vlaamse cijfers";TRUE;Vlaanderen;read in PDF;29;Tabel 10;;
C-212;Levensmiddelenafval producentenorganisaties groenten en fruit (EU-definitie voedselafval);Reststroom;Plantaardig - tuinbouw;;;;2;producentenorganisaties groenten en fruit;Producentenorganisaties/veilingen;S002;OVAM Monitor voedselverlies 2020;2020;3191;3191;ton;1;agri-food waste;"voedselafval volgens de Europese afbakening (specifieke Eural-codes; enkel de bestemmingen compostering/vergisting, dierlijke afvalverwerking en verbranding) - parallelle boekhouding naast de Vlaamse cijfers";TRUE;Vlaanderen;read in PDF;29;Tabel 10;;
C-213;AGGREGAAT - levensmiddelenafval voedingsindustrie (EU-definitie voedselafval);Reststroom;Aggregaat;;;;2;voedingsindustrie;Voedingsindustrie;S002;OVAM Monitor voedselverlies 2020;2020;806657;806657;ton;1;agri-food waste;"voedselafval volgens de Europese afbakening (specifieke Eural-codes; enkel de bestemmingen compostering/vergisting, dierlijke afvalverwerking en verbranding) - parallelle boekhouding naast de Vlaamse cijfers";TRUE;Vlaanderen;read in PDF;29;Tabel 10;;
C-214;AGGREGAAT - levensmiddelenafval retail (EU-definitie voedselafval);Reststroom;Aggregaat;;;;2;retail;Retail & grootdistributie;S002;OVAM Monitor voedselverlies 2020;2020;65782;65782;ton;1;agri-food waste;"voedselafval volgens de Europese afbakening (specifieke Eural-codes; enkel de bestemmingen compostering/vergisting, dierlijke afvalverwerking en verbranding) - parallelle boekhouding naast de Vlaamse cijfers";TRUE;Vlaanderen;read in PDF;29;Tabel 10;;
C-215;AGGREGAAT - landbouw, productie hoofdstromen;Productievolume;Aggregaat;;;;2;Landbouw (plantaardig + dierlijk);Primaire productie;S091;MONBIO 4.0;2021;23371000;23371;kton;1000;hoofdstroom;"hoofdstromen; productiekolom van de geconsolideerde tabel";FALSE;Vlaanderen;read in PDF;39;Tabel 13;"ook in tekst p.189 (par. 3.2.4); som van de plantaardige (16.689) en dierlijke (6.682) rij";
C-216;AGGREGAAT - dierlijke productie hoofdstromen (excl. geiten- en schapenmelk, incl. paarden-, schapen- en geitenvlees);Productievolume;Dierlijk - vee;;;;2;Veeteelt;Primaire productie;S091;MONBIO 4.0;2021;6682000;6682;kton;1000;hoofdstroom;"hoofdstromen; rij DIERLIJK van de geconsolideerde tabel";FALSE;Vlaanderen;read in PDF;39;Tabel 13;"variant/afwijkende afbakening t.o.v. Tabel 14 (6.723.055 ton) - zie C-264; 6.679.945 + 490 + 1.569 = 6.682.004";
C-217;AGGREGAAT - primaire productiesectoren (landbouw + visserij), hoofdstromen;Productievolume;Aggregaat;;;;2;Landbouw en visserij samen;meerdere stadia;S091;MONBIO 4.0;2021;23387000;23387;kton;1000;hoofdstroom;"rij TOTAAL van de geconsolideerde tabel; omvat enkel landbouw en visserij";FALSE;Vlaanderen;read in PDF;39;Tabel 13;;
C-218;AGGREGAAT - plantaardige landbouw, totale productie hoofdstromen;Productievolume;Aggregaat;;;;2;Plantaardige landbouwteelten;Primaire productie;S091;MONBIO 4.0;2021;16688841;16688841;ton;1;hoofdstroom;hoofdstromen uit de landbouwteelten;FALSE;Vlaanderen;read in PDF;42;Figuur 8;"ook in tekst p.43; afgerond 16.689 kton in Tabel 13 (p.39) en '16,7 miljoen ton' p.4 en p.47";
C-219;Hoofdstroom Voedergewassen (plantaardige landbouw);Productievolume;Plantaardig - akkerbouw;Voedergewassen;;;3;Plantaardige landbouwteelten;Primaire productie;S091;MONBIO 4.0;2021;9702884;9702884;ton;1;hoofdstroom;hoofdstromen per gewasgroep;FALSE;Vlaanderen;read in PDF;42;Figuur 8;;
C-220;Hoofdstroom Suiker- en zetmeelgewassen (plantaardige landbouw);Productievolume;Plantaardig - akkerbouw;Suiker- en zetmeelgewassen;;;3;Plantaardige landbouwteelten;Primaire productie;S091;MONBIO 4.0;2021;3630317;3630317;ton;1;hoofdstroom;hoofdstromen per gewasgroep;FALSE;Vlaanderen;read in PDF;42;Figuur 8;;
C-221;Hoofdstroom Groenten (plantaardige landbouw);Productievolume;Plantaardig - tuinbouw;Groenten;;;3;Plantaardige landbouwteelten;Primaire productie;S091;MONBIO 4.0;2021;1360128;1360128;ton;1;hoofdstroom;hoofdstromen per gewasgroep;FALSE;Vlaanderen;read in PDF;42;Figuur 8;;
C-222;Hoofdstroom Granen voor de korrel (plantaardige landbouw);Productievolume;Plantaardig - akkerbouw;Granen;;;3;Plantaardige landbouwteelten;Primaire productie;S091;MONBIO 4.0;2021;1063930;1063930;ton;1;hoofdstroom;hoofdstromen per gewasgroep;FALSE;Vlaanderen;read in PDF;42;Figuur 8;;
C-223;Hoofdstroom Fruit (plantaardige landbouw);Productievolume;Plantaardig - tuinbouw;Fruit;;;3;Plantaardige landbouwteelten;Primaire productie;S091;MONBIO 4.0;2021;622641;622641;ton;1;hoofdstroom;hoofdstromen per gewasgroep;FALSE;Vlaanderen;read in PDF;42;Figuur 8;;
C-224;Hoofdstroom Industriele gewassen (plantaardige landbouw);Productievolume;Plantaardig - akkerbouw;Industriele gewassen;;;3;Plantaardige landbouwteelten;Primaire productie;S091;MONBIO 4.0;2021;127231;127231;ton;1;hoofdstroom;hoofdstromen per gewasgroep;FALSE;Vlaanderen;read in PDF;42;Figuur 8;;
C-225;Hoofdstroom Peulvruchten (plantaardige landbouw);Productievolume;Plantaardig - akkerbouw;Peulvruchten en eiwitgewassen;;;3;Plantaardige landbouwteelten;Primaire productie;S091;MONBIO 4.0;2021;41831;41831;ton;1;hoofdstroom;hoofdstromen per gewasgroep;FALSE;Vlaanderen;read in PDF;42;Figuur 8;;
C-226;Hoofdstroom Oliehoudende gewassen (plantaardige landbouw);Productievolume;Plantaardig - akkerbouw;Oliehoudende gewassen;;;3;Plantaardige landbouwteelten;Primaire productie;S091;MONBIO 4.0;2021;2788;2788;ton;1;hoofdstroom;hoofdstromen per gewasgroep;FALSE;Vlaanderen;read in PDF;42;Figuur 8;;
C-227;Hoofdstroom Voedermais;Productievolume;Plantaardig - akkerbouw;Voedergewassen;Voedermais;;4;Plantaardige landbouwteelten;Primaire productie;S091;MONBIO 4.0;2021;5395992;5395992;ton;1;hoofdstroom;productie per gewas, 'gewassen met de grootste productie';FALSE;Vlaanderen;read in PDF;43;tekst;;
C-228;Hoofdstroom Gras (incl. hooi);Productievolume;Plantaardig - akkerbouw;Voedergewassen;Gras en hooi;;4;Plantaardige landbouwteelten;Primaire productie;S091;MONBIO 4.0;2021;3939458;3939458;ton;1;hoofdstroom;productie per gewas, 'gewassen met de grootste productie';FALSE;Vlaanderen;read in PDF;43;tekst;;
C-229;Hoofdstroom Aardappelen;Productievolume;Plantaardig - akkerbouw;Aardappelen en knolgewassen;Aardappel;;4;Plantaardige landbouwteelten;Primaire productie;S091;MONBIO 4.0;2021;2144615;2144615;ton;1;hoofdstroom;productie per gewas, 'gewassen met de grootste productie';FALSE;Vlaanderen;read in PDF;43;tekst;;
C-230;Hoofdstroom Suikerbiet;Productievolume;Plantaardig - akkerbouw;Suikerbieten en nijverheidsgewassen;Suikerbiet;;4;Plantaardige landbouwteelten;Primaire productie;S091;MONBIO 4.0;2021;1485702;1485702;ton;1;hoofdstroom;productie per gewas, 'gewassen met de grootste productie';FALSE;Vlaanderen;read in PDF;43;tekst;;
C-231;Hoofdstroom Tarwe;Productievolume;Plantaardig - akkerbouw;Granen;Tarwe;;4;Plantaardige landbouwteelten;Primaire productie;S091;MONBIO 4.0;2021;531915;531915;ton;1;hoofdstroom;productie per gewas, 'gewassen met de grootste productie';FALSE;Vlaanderen;read in PDF;43;tekst;;
C-232;Hoofdstroom Korrelmais;Productievolume;Plantaardig - akkerbouw;Granen;Mais;;4;Plantaardige landbouwteelten;Primaire productie;S091;MONBIO 4.0;2021;497204;497204;ton;1;hoofdstroom;productie per gewas, 'gewassen met de grootste productie';FALSE;Vlaanderen;read in PDF;43;tekst;;
C-233;Hoofdstroom Voederbiet;Productievolume;Plantaardig - akkerbouw;Voedergewassen;Voederbiet;;4;Plantaardige landbouwteelten;Primaire productie;S091;MONBIO 4.0;2021;360547;360547;ton;1;hoofdstroom;productie per gewas, 'gewassen met de grootste productie';FALSE;Vlaanderen;read in PDF;43;tekst;;
C-234;Hoofdstroom Peer;Productievolume;Plantaardig - tuinbouw;Fruit;Peer;;4;Plantaardige landbouwteelten;Primaire productie;S091;MONBIO 4.0;2021;342322;342322;ton;1;hoofdstroom;productie per gewas, 'gewassen met de grootste productie';FALSE;Vlaanderen;read in PDF;43;tekst;;
C-235;Hoofdstroom Tomaat;Productievolume;Plantaardig - tuinbouw;Groenten;Tomaat;;4;Plantaardige landbouwteelten;Primaire productie;S091;MONBIO 4.0;2021;283540;283540;ton;1;hoofdstroom;productie per gewas, 'gewassen met de grootste productie';FALSE;Vlaanderen;read in PDF;43;tekst;;
C-236;Hoofdstroom Wortel;Productievolume;Plantaardig - tuinbouw;Groenten;Wortel;;4;Plantaardige landbouwteelten;Primaire productie;S091;MONBIO 4.0;2021;246395;246395;ton;1;hoofdstroom;productie per gewas, 'gewassen met de grootste productie';FALSE;Vlaanderen;read in PDF;43;tekst;;
C-237;Hoofdstroom Appel;Productievolume;Plantaardig - tuinbouw;Fruit;Appel;;4;Plantaardige landbouwteelten;Primaire productie;S091;MONBIO 4.0;2021;241244;241244;ton;1;hoofdstroom;productie per gewas, 'gewassen met de grootste productie';FALSE;Vlaanderen;read in PDF;43;tekst;;
C-238;AGGREGAAT - plantaardige landbouw, totale productie nevenstromen en productieresiduen;Reststroom;Aggregaat;;;;2;Plantaardige landbouwteelten;Primaire productie;S091;MONBIO 4.0;2021;3612149;3612149;ton;1;agri-food waste;nevenstromen en productieresiduen uit landbouwteelten (economische, niet eetbaar/oneetbaar-gebaseerde opsplitsing);TRUE;Vlaanderen;read in PDF;48;Figuur 14;afgerond 3.612 kton in Tabel 13 (p.39) en '3,6 miljoen ton' in tekst p.47;
C-239;Nevenstromen en productieresiduen Granen voor de korrel (plantaardige landbouw);Reststroom;Plantaardig - akkerbouw;Granen;;;3;Plantaardige landbouwteelten;Primaire productie;S091;MONBIO 4.0;2021;1590919;1590919;ton;1;agri-food waste;nevenstromen en productieresiduen per gewasgroep;TRUE;Vlaanderen;read in PDF;48;Figuur 14;;
C-240;Nevenstromen en productieresiduen Suiker- en zetmeelgewassen (plantaardige landbouw);Reststroom;Plantaardig - akkerbouw;Suiker- en zetmeelgewassen;;;3;Plantaardige landbouwteelten;Primaire productie;S091;MONBIO 4.0;2021;1207169;1207169;ton;1;agri-food waste;nevenstromen en productieresiduen per gewasgroep;TRUE;Vlaanderen;read in PDF;48;Figuur 14;;
C-241;Nevenstromen en productieresiduen Groenten (plantaardige landbouw);Reststroom;Plantaardig - tuinbouw;Groenten;;;3;Plantaardige landbouwteelten;Primaire productie;S091;MONBIO 4.0;2021;602856;602856;ton;1;agri-food waste;nevenstromen en productieresiduen per gewasgroep;TRUE;Vlaanderen;read in PDF;48;Figuur 14;;
C-242;Nevenstromen en productieresiduen Voedergewassen (plantaardige landbouw);Reststroom;Plantaardig - akkerbouw;Voedergewassen;;;3;Plantaardige landbouwteelten;Primaire productie;S091;MONBIO 4.0;2021;101780;101780;ton;1;agri-food waste;nevenstromen en productieresiduen per gewasgroep;TRUE;Vlaanderen;read in PDF;48;Figuur 14;;
C-243;Nevenstromen en productieresiduen Industriele gewassen (plantaardige landbouw);Reststroom;Plantaardig - akkerbouw;Industriele gewassen;;;3;Plantaardige landbouwteelten;Primaire productie;S091;MONBIO 4.0;2021;55065;55065;ton;1;agri-food waste;nevenstromen en productieresiduen per gewasgroep;TRUE;Vlaanderen;read in PDF;48;Figuur 14;;
C-244;Nevenstromen en productieresiduen Peulvruchten (plantaardige landbouw);Reststroom;Plantaardig - akkerbouw;Peulvruchten en eiwitgewassen;;;3;Plantaardige landbouwteelten;Primaire productie;S091;MONBIO 4.0;2021;46542;46542;ton;1;agri-food waste;nevenstromen en productieresiduen per gewasgroep;TRUE;Vlaanderen;read in PDF;48;Figuur 14;;
C-245;Nevenstromen en productieresiduen Oliehoudende gewassen (plantaardige landbouw);Reststroom;Plantaardig - akkerbouw;Oliehoudende gewassen;;;3;Plantaardige landbouwteelten;Primaire productie;S091;MONBIO 4.0;2021;7818;7818;ton;1;agri-food waste;nevenstromen en productieresiduen per gewasgroep;TRUE;Vlaanderen;read in PDF;48;Figuur 14;"zelfde getal als kool- en raapzaadstro (tekst p.47) - de groep telt maar een stroom; niet optellen";
C-246;Maisstro;Reststroom;Plantaardig - akkerbouw;Granen;Mais;stro;5;Plantaardige landbouwteelten;Primaire productie;S091;MONBIO 4.0;2021;1335083;1335083;ton;1;agri-food waste;blijft achter op het veld en wordt ingewerkt (productieresidu);TRUE;Vlaanderen;read in PDF;47;tekst;;
C-247;Aardappelloof;Reststroom;Plantaardig - akkerbouw;Aardappelen en knolgewassen;Aardappel;loof;5;Plantaardige landbouwteelten;Primaire productie;S091;MONBIO 4.0;2021;744945;744945;ton;1;agri-food waste;voor de oogst gedood en ondergewerkt (productieresidu);TRUE;Vlaanderen;read in PDF;47;tekst;;
C-248;Suikerbietenloof;Reststroom;Plantaardig - akkerbouw;Suikerbieten en nijverheidsgewassen;Suikerbiet;loof;5;Plantaardige landbouwteelten;Primaire productie;S091;MONBIO 4.0;2021;462224;462224;ton;1;agri-food waste;blijft achter op het veld en wordt ingewerkt (productieresidu);TRUE;Vlaanderen;read in PDF;47;tekst;;
C-249;Tarwestro;Reststroom;Plantaardig - akkerbouw;Granen;Tarwe;stro;5;Plantaardige landbouwteelten;Primaire productie;S091;MONBIO 4.0;2021;255836;255836;ton;1;agri-food waste;van het veld gehaald, ingezet als strooisel of structuurmateriaal (nevenstroom);TRUE;Vlaanderen;read in PDF;47;tekst;;
C-250;Bloemkoolloof;Reststroom;Plantaardig - tuinbouw;Groenten;Bloemkool;loof;5;Plantaardige landbouwteelten;Primaire productie;S091;MONBIO 4.0;2021;161730;161730;ton;1;agri-food waste;nevenstroom groenteteelt;TRUE;Vlaanderen;read in PDF;47;tekst;;
C-251;Spruitstokken;Reststroom;Plantaardig - tuinbouw;Groenten;Spruiten;stokken;5;Plantaardige landbouwteelten;Primaire productie;S091;MONBIO 4.0;2021;75983;75983;ton;1;agri-food waste;nevenstroom groenteteelt;TRUE;Vlaanderen;read in PDF;47;tekst;;
C-252;Wortelloof;Reststroom;Plantaardig - tuinbouw;Groenten;Wortel;loof;5;Plantaardige landbouwteelten;Primaire productie;S091;MONBIO 4.0;2021;72718;72718;ton;1;agri-food waste;nevenstroom groenteteelt;TRUE;Vlaanderen;read in PDF;47;tekst;;
C-253;Preiloof;Reststroom;Plantaardig - tuinbouw;Groenten;Prei;loof;5;Plantaardige landbouwteelten;Primaire productie;S091;MONBIO 4.0;2021;69778;69778;ton;1;agri-food waste;nevenstroom groenteteelt;TRUE;Vlaanderen;read in PDF;47;tekst;;
C-254;Uienschillen;Reststroom;Plantaardig - tuinbouw;Groenten;Ui;schillen;5;Plantaardige landbouwteelten;Primaire productie;S091;MONBIO 4.0;2021;62032;62032;ton;1;agri-food waste;nevenstroom groenteteelt;TRUE;Vlaanderen;read in PDF;47;tekst;;
C-255;Bloemkoolharten;Reststroom;Plantaardig - tuinbouw;Groenten;Bloemkool;harten;5;Plantaardige landbouwteelten;Primaire productie;S091;MONBIO 4.0;2021;18395;18395;ton;1;agri-food waste;eetbare nevenstroom van machinaal geoogste bloemkool;TRUE;Vlaanderen;read in PDF;47;tekst;;
C-256;Kool- en raapzaadstro;Reststroom;Plantaardig - akkerbouw;Oliehoudende gewassen;Kool- en raapzaad;stro;5;Plantaardige landbouwteelten;Primaire productie;S091;MONBIO 4.0;2021;7818;7818;ton;1;agri-food waste;van het veld gehaald (nevenstroom);TRUE;Vlaanderen;read in PDF;47;tekst;zelfde getal als groepstotaal Oliehoudende gewassen in Figuur 14 (p.48) - niet optellen;
C-257;Afgekeurde appelen bij de sortering;Reststroom;Plantaardig - tuinbouw;Fruit;Appel;;4;Fruitteelt;Primaire productie;S091;MONBIO 4.0;2021;14000;14000;ton;1;agri-food waste;"eetbare nevenstroom; bron schrijft '+/- 14.000 ton', wordt verwerkt tot appelsap";TRUE;Vlaanderen;read in PDF;47;tekst;;
C-258;Hoofdstroom Levende runderen (veeteelt);Productievolume;Dierlijk - vee;Vlees;Rund;;4;Veeteelt;Primaire productie;S091;MONBIO 4.0;2021;258993;258993;ton;1;hoofdstroom;hoofdstromen in de veeteelt;FALSE;Vlaanderen;read in PDF;49;Tabel 14;;
C-259;Hoofdstroom Levende varkens (veeteelt);Productievolume;Dierlijk - vee;Vlees;Varken;;4;Veeteelt;Primaire productie;S091;MONBIO 4.0;2021;1253312;1253312;ton;1;hoofdstroom;hoofdstromen in de veeteelt;FALSE;Vlaanderen;read in PDF;49;Tabel 14;;
C-260;Hoofdstroom Levend gevogelte (veeteelt);Productievolume;Dierlijk - vee;Vlees;Gevogelte;;4;Veeteelt;Primaire productie;S091;MONBIO 4.0;2021;628938;628938;ton;1;hoofdstroom;hoofdstromen in de veeteelt;FALSE;Vlaanderen;read in PDF;49;Tabel 14;;
C-261;Hoofdstroom Koemelk (veeteelt);Productievolume;Dierlijk - vee;Melk;Koemelk;;4;Veeteelt;Primaire productie;S091;MONBIO 4.0;2021;4396737;4396737;ton;1;hoofdstroom;hoofdstromen in de veeteelt;FALSE;Vlaanderen;read in PDF;49;Tabel 14;;
C-262;Hoofdstroom Eieren (veeteelt);Productievolume;Dierlijk - vee;Eieren;;;3;Veeteelt;Primaire productie;S091;MONBIO 4.0;2021;141965;141965;ton;1;hoofdstroom;hoofdstromen in de veeteelt;FALSE;Vlaanderen;read in PDF;49;Tabel 14;;
C-263;Hoofdstroom Geiten- en schapenmelk (veeteelt);Productievolume;Dierlijk - vee;Melk;Geiten- en schapenmelk;;4;Veeteelt;Primaire productie;S091;MONBIO 4.0;2021;43110;43110;ton;1;hoofdstroom;hoofdstromen in de veeteelt;FALSE;Vlaanderen;read in PDF;49;Tabel 14;;
C-264;AGGREGAAT - veeteelt, totale hoofdstromen (incl. geiten- en schapenmelk);Productievolume;Dierlijk - vee;;;;2;Veeteelt;Primaire productie;S091;MONBIO 4.0;2021;6723055;6723055;ton;1;hoofdstroom;"rij TOTAAL van Tabel 14; het label '(excl. geiten en schapen)' slaat op de dierenaantallenkolom, niet op de tonnagekolom";FALSE;Vlaanderen;read in PDF;49;Tabel 14;"variant/afwijkende afbakening t.o.v. Tabel 13 (6.682 kton, p.39); 6.723.055 - 43.110 + 490 + 1.569 = 6.682.004";
C-265;Paardenvlees;Productievolume;Dierlijk - vee;Vlees;Paard;;4;Veeteelt;Primaire productie;S091;MONBIO 4.0;2021;490;490;ton;1;hoofdstroom;genoemd naast Tabel 14 als kleine hoofdstroom van de veeteelt;FALSE;Vlaanderen;read in PDF;49;tekst;;
C-266;Schapen- en geitenvlees;Productievolume;Dierlijk - vee;Vlees;Schaap en geit;;4;Veeteelt;Primaire productie;S091;MONBIO 4.0;2021;1569;1569;ton;1;hoofdstroom;genoemd naast Tabel 14 als kleine hoofdstroom van de veeteelt;FALSE;Vlaanderen;read in PDF;49;tekst;;
C-267;Opgehaalde dode dieren;Reststroom;Dierlijk - vee;;;;2;Veeteelt;Primaire productie;S091;MONBIO 4.0;2021;68000;68000;ton;1;agri-food waste;nevenstroom/productieresidu van de veeteelt (kadavers);TRUE;Vlaanderen;read in PDF;51;Tabel 17;Tabel 18 (p.51) geeft hiervoor 31.020 ton als *aanbod* - niet gecapteerd (aanbod is geen productie);
C-268;Afgekeurde melk (door mastitis en antibiotica);Reststroom;Dierlijk - vee;Melk;;;3;Veeteelt;Primaire productie;S091;MONBIO 4.0;2021;19000;19000;ton;1;agri-food waste;"nevenstroom/productieresidu van de veeteelt; bron: 'wordt in de meeste gevallen weggegoten via de mestkelder'";TRUE;Vlaanderen;read in PDF;51;Tabel 17;ook in Tabel 18 (p.51), aanbodkolom, met dezelfde waarde;
C-269;AGGREGAAT - totale aanlanding zeevisserij (vis + schaaldieren + weekdieren);Productievolume;Dierlijk - vis;Vis;;;3;Zeevisserij (aanlanding);Visserij;S091;MONBIO 4.0;2021;16683;16683;ton;1;hoofdstroom;"aanlanding door Belgische vissersvaartuigen; 99% hoofdstromen";FALSE;Vlaanderen;read in PDF;55;Figuur 16;afgerond 16 kton in Tabel 13 (p.39) en in tekst p.189;
C-270;Aanlanding Vis;Productievolume;Dierlijk - vis;Vis;Vis (alle soorten);;4;Zeevisserij (aanlanding);Visserij;S091;MONBIO 4.0;2021;13482;13482;ton;1;hoofdstroom;aangeland door Belgische vissersvaartuigen;FALSE;Vlaanderen;read in PDF;54;tekst;ook in Figuur 16 (p.55);
C-271;Aanlanding Schaaldieren;Productievolume;Dierlijk - vis;Vis;Schaaldieren;;4;Zeevisserij (aanlanding);Visserij;S091;MONBIO 4.0;2021;1360;1360;ton;1;hoofdstroom;aangeland door Belgische vissersvaartuigen;FALSE;Vlaanderen;read in PDF;54;tekst;ook in Figuur 16 (p.55);
C-272;Aanlanding Weekdieren;Productievolume;Dierlijk - vis;Vis;Weekdieren;;4;Zeevisserij (aanlanding);Visserij;S091;MONBIO 4.0;2021;1841;1841;ton;1;hoofdstroom;aangeland door Belgische vissersvaartuigen;FALSE;Vlaanderen;read in PDF;54;tekst;ook in Figuur 16 (p.55);
C-273;Teruggegooide vis (ongewenste bijvangst);Reststroom;Dierlijk - vis;Vis;;;3;Zeevisserij (teruggooi);Visserij;S091;MONBIO 4.0;2021;7500;7500;ton;1;agri-food waste;"bron schrijft 'aanzienlijk (>7.500 ton)'; niet beschikbaar aan land voor verdere verwerking; bron noemt dit een productieresidu";TRUE;Vlaanderen;read in PDF;55;tekst;;
C-274;Opgehouden en afgekeurde vis op de veiling;Reststroom;Dierlijk - vis;Vis;Vis (alle soorten);;4;Visveiling (opgehouden/afgekeurd);Visveilingen;S091;MONBIO 4.0;2021;214;214;ton;1;agri-food waste;niet-verkochte en afgekeurde vis op de veiling;TRUE;Vlaanderen;read in PDF;55;tekst;;
C-275;Opgehouden en afgekeurde schaal- en weekdieren op de veiling;Reststroom;Dierlijk - vis;Vis;Schaal- en weekdieren;;4;Visveiling (opgehouden/afgekeurd);Visveilingen;S091;MONBIO 4.0;2021;7;7;ton;1;agri-food waste;niet-verkochte en afgekeurde schaal- en weekdieren op de veiling;TRUE;Vlaanderen;read in PDF;55;tekst;;
C-276;AGGREGAAT - Vlees- en gevogelteverwerking, productie hoofdstromen;Productievolume;Dierlijk - vee;Vlees;;;3;Vlees- en gevogelteverwerking;Voedingsindustrie;S091;MONBIO 4.0;2021;1031000;1031;kton;1000;hoofdstroom;"geconsolideerde tabel voedingssector, kolom productie/hoofd; som van de vlees- en gevogeltelijnen van Tabel 28 (1.030.799 t)";FALSE;Vlaanderen;read in PDF;76;Tabel 26;;
C-277;AGGREGAAT - Vlees- en gevogelteverwerking, productie nevenstromen en productieresiduen;Reststroom;Dierlijk - vee;Vlees;;;3;Vlees- en gevogelteverwerking;Voedingsindustrie;S091;MONBIO 4.0;2021;631000;631;kton;1000;agri-food waste;"geconsolideerde tabel voedingssector, kolom productie/nev-res; nev/res-totaal van Tabel 28; bevat 100.000 'stuks' huiden die de bron als ton meetelt (531.159 + 100.000 = 631.159)";TRUE;Vlaanderen;read in PDF;76;Tabel 26;;
C-278;AGGREGAAT - Aardappelverwerking, productie hoofdstromen;Productievolume;Plantaardig - akkerbouw;Aardappelen en knolgewassen;Aardappel;;4;Aardappelverwerking;Voedingsindustrie;S091;MONBIO 4.0;2021;1880000;1880;kton;1000;hoofdstroom;"geconsolideerde tabel voedingssector, kolom productie/hoofd; som van de bevroren (1.596.238 t) en bereide (283.288 t) aardappelen van Tabel 30";FALSE;Vlaanderen;read in PDF;76;Tabel 26;;
C-279;AGGREGAAT - Vervaardiging van plantaardige en dierlijke olien en vetten, productie hoofdstromen;Productievolume;Gemengd;;;;2;Vervaardiging van plantaardige en dierlijke olien en vetten;Voedingsindustrie;S091;MONBIO 4.0;2021;771000;771;kton;1000;hoofdstroom;"geconsolideerde tabel voedingssector, kolom productie/hoofd; overgenomen uit Tabel 32 (FEDIOL, Belgie) maar hier als Vlaams cijfer gepresenteerd";FALSE;Vlaanderen;read in PDF;76;Tabel 26;;
C-280;AGGREGAAT - Vervaardiging van plantaardige en dierlijke olien en vetten, productie nevenstromen en productieresiduen;Reststroom;Gemengd;;;;2;Vervaardiging van plantaardige en dierlijke olien en vetten;Voedingsindustrie;S091;MONBIO 4.0;2021;1149000;1149;kton;1000;agri-food waste;"geconsolideerde tabel voedingssector, kolom productie/nev-res; overgenomen uit Tabel 33 (FEDIOL, Belgie) maar hier als Vlaams cijfer gepresenteerd";TRUE;Vlaanderen;read in PDF;76;Tabel 26;;
C-281;AGGREGAAT - Vervaardiging van zuivelproducten, productie hoofdstromen;Productievolume;Dierlijk - vee;Melk;;;3;Vervaardiging van zuivelproducten;Voedingsindustrie;S091;MONBIO 4.0;2021;934000;934;kton;1000;hoofdstroom;geconsolideerde tabel voedingssector, kolom productie/hoofd;FALSE;Vlaanderen;read in PDF;76;Tabel 26;;
C-282;AGGREGAAT - Vervaardiging van zuivelproducten, productie nevenstromen en productieresiduen;Reststroom;Dierlijk - vee;Melk;;;3;Vervaardiging van zuivelproducten;Voedingsindustrie;S091;MONBIO 4.0;2021;70000;70;kton;1000;agri-food waste;"geconsolideerde tabel voedingssector, kolom productie/nev-res; steunt op de OVAM/IMJV-schatting voor 2018 (melkwei 49.722 + zuiveringsslib 20.445 = 70.167 t), zie p.94";TRUE;Vlaanderen;read in PDF;76;Tabel 26;;
C-283;AGGREGAAT - Vervaardiging van maalderijproducten, zetmeelproducten, bakkerijproducten en deegwaren, productie hoofdstromen;Productievolume;Gemengd;;;;2;Vervaardiging van maalderijproducten, zetmeelproducten, bakkerijproducten en deegwaren;Voedingsindustrie;S091;MONBIO 4.0;2021;2102000;2102;kton;1000;hoofdstroom;geconsolideerde tabel voedingssector, kolom productie/hoofd;FALSE;Vlaanderen;read in PDF;76;Tabel 26;;
C-284;AGGREGAAT - Vervaardiging van maalderijproducten, zetmeelproducten, bakkerijproducten en deegwaren, productie nevenstromen en productieresiduen;Reststroom;Gemengd;;;;2;Vervaardiging van maalderijproducten, zetmeelproducten, bakkerijproducten en deegwaren;Voedingsindustrie;S091;MONBIO 4.0;2021;671000;671;kton;1000;agri-food waste;"geconsolideerde tabel voedingssector, kolom productie/nev-res; bron noemt dit een grote onderschatting: tarwegriesmeel staat niet in de statistieken (p.75)";TRUE;Vlaanderen;read in PDF;76;Tabel 26;;
C-285;AGGREGAAT - Vervaardiging van suiker en chocolade, productie hoofdstromen;Productievolume;Gemengd;;;;2;Vervaardiging van suiker en chocolade;Voedingsindustrie;S091;MONBIO 4.0;2021;1476000;1476;kton;1000;hoofdstroom;geconsolideerde tabel voedingssector, kolom productie/hoofd;FALSE;Vlaanderen;read in PDF;76;Tabel 26;;
C-286;AGGREGAAT - Vervaardiging van suiker en chocolade, productie nevenstromen en productieresiduen;Reststroom;Gemengd;;;;2;Vervaardiging van suiker en chocolade;Voedingsindustrie;S091;MONBIO 4.0;2021;403000;403;kton;1000;agri-food waste;geconsolideerde tabel voedingssector, kolom productie/nev-res;TRUE;Vlaanderen;read in PDF;76;Tabel 26;;
C-287;AGGREGAAT - Vervaardiging van dranken, productie hoofdstromen;Productievolume;Gemengd;;;;2;Vervaardiging van dranken;Voedingsindustrie;S091;MONBIO 4.0;2021;1841000;1841;kton;1000;hoofdstroom;geconsolideerde tabel voedingssector, kolom productie/hoofd;FALSE;Vlaanderen;read in PDF;76;Tabel 26;;
C-288;Vlees van runderen, vers of gekoeld (Prodcom 101111);Productievolume;Dierlijk - vee;Vlees;Rund;;4;Verwerking en conservering van vlees en gevogelte (NACE 10.1);Voedingsindustrie;S091;MONBIO 4.0;2021;57873;57873;ton;1;hoofdstroom;"hoofdstroom NACE 10.11; Vlaams aandeel 50% (FEBEV) i.p.v. exportratio";FALSE;Vlaanderen;read in PDF;81;Tabel 28;;
C-289;Vlees van varkens, vers of gekoeld (Prodcom 101112);Productievolume;Dierlijk - vee;Vlees;Varken;;4;Verwerking en conservering van vlees en gevogelte (NACE 10.1);Voedingsindustrie;S091;MONBIO 4.0;2021;368791;368791;ton;1;hoofdstroom;"hoofdstroom NACE 10.11; Vlaams aandeel 95% (FEBEV)";FALSE;Vlaanderen;read in PDF;81;Tabel 28;;
C-290;Vlees van schapen, vers of gekoeld (Prodcom 101113);Productievolume;Dierlijk - vee;Vlees;Schaap en geit;;4;Verwerking en conservering van vlees en gevogelte (NACE 10.1);Voedingsindustrie;S091;MONBIO 4.0;2021;2084;2084;ton;1;hoofdstroom;hoofdstroom NACE 10.11;FALSE;Vlaanderen;read in PDF;81;Tabel 28;;
C-291;Vlees van runderen, bevroren (Prodcom 101131);Productievolume;Dierlijk - vee;Vlees;Rund;;4;Verwerking en conservering van vlees en gevogelte (NACE 10.1);Voedingsindustrie;S091;MONBIO 4.0;2021;4478;4478;ton;1;hoofdstroom;hoofdstroom NACE 10.11;FALSE;Vlaanderen;read in PDF;81;Tabel 28;;
C-292;Vlees van varkens, bevroren (Prodcom 101132);Productievolume;Dierlijk - vee;Vlees;Varken;;4;Verwerking en conservering van vlees en gevogelte (NACE 10.1);Voedingsindustrie;S091;MONBIO 4.0;2021;48305;48305;ton;1;hoofdstroom;hoofdstroom NACE 10.11;FALSE;Vlaanderen;read in PDF;81;Tabel 28;;
C-293;Vlees van gevogelte, vers of gekoeld (Prodcom 101210);Productievolume;Dierlijk - vee;Vlees;Gevogelte;;4;Verwerking en conservering van vlees en gevogelte (NACE 10.1);Voedingsindustrie;S091;MONBIO 4.0;2021;419607;419607;ton;1;hoofdstroom;hoofdstroom NACE 10.12;FALSE;Vlaanderen;read in PDF;81;Tabel 28;;
C-294;Vlees van gevogelte, bevroren (Prodcom 101220);Productievolume;Dierlijk - vee;Vlees;Gevogelte;;4;Verwerking en conservering van vlees en gevogelte (NACE 10.1);Voedingsindustrie;S091;MONBIO 4.0;2021;129661;129661;ton;1;hoofdstroom;hoofdstroom NACE 10.12;FALSE;Vlaanderen;read in PDF;81;Tabel 28;;
C-295;Eetbare slachtafvallen van runderen, varkens, schapen, geiten en paarden, vers of gekoeld (Prodcom 101120);Reststroom;Dierlijk - vee;Vlees;;;3;Verwerking en conservering van vlees en gevogelte (NACE 10.1);Voedingsindustrie;S091;MONBIO 4.0;2021;82576;82576;ton;1;agri-food waste;"nevenstroom NACE 10.11; bron: eetbaar slachtafval wordt in de voedselnijverheid verder verwerkt";TRUE;Vlaanderen;read in PDF;81;Tabel 28;;
C-296;Ander vlees en andere eetbare slachtafvallen, vers, gekoeld of bevroren (Prodcom 101139);Reststroom;Dierlijk - vee;Vlees;;;3;Verwerking en conservering van vlees en gevogelte (NACE 10.1);Voedingsindustrie;S091;MONBIO 4.0;2021;49893;49893;ton;1;agri-food waste;nevenstroom NACE 10.11;TRUE;Vlaanderen;read in PDF;81;Tabel 28;;
C-297;Rund-, schapen-, geiten- of varkensvet (Prodcom 101150);Reststroom;Dierlijk - vee;Vlees;;;3;Verwerking en conservering van vlees en gevogelte (NACE 10.1);Voedingsindustrie;S091;MONBIO 4.0;2021;145498;145498;ton;1;agri-food waste;nevenstroom NACE 10.11;TRUE;Vlaanderen;read in PDF;81;Tabel 28;;
C-298;Niet-eetbare ruwe slachtafvallen (Prodcom 101160);Reststroom;Dierlijk - vee;Vlees;;;3;Verwerking en conservering van vlees en gevogelte (NACE 10.1);Voedingsindustrie;S091;MONBIO 4.0;2021;169051;169051;ton;1;agri-food waste;nevenstroom/productieresidu NACE 10.11;TRUE;Vlaanderen;read in PDF;81;Tabel 28;;
C-299;Eetbare slachtafval van gevogelte (Prodcom 101240);Reststroom;Dierlijk - vee;Vlees;Gevogelte;slachtafval (eetbaar);5;Verwerking en conservering van vlees en gevogelte (NACE 10.1);Voedingsindustrie;S091;MONBIO 4.0;2021;84141;84141;ton;1;agri-food waste;nevenstroom NACE 10.12;TRUE;Vlaanderen;read in PDF;81;Tabel 28;;
C-300;Vlees van varkens, gezouten, gedroogd of gerookt - bacon en ham (Prodcom 101311);Productievolume;Dierlijk - vee;Vlees;Varken;;4;Verwerking en conservering van vlees en gevogelte (NACE 10.1);Voedingsindustrie;S091;MONBIO 4.0;2021;25749;25749;ton;1;hoofdstroom;"NACE 10.13; door de bron NIET meegeteld in de productiecijfers om dubbeltelling te vermijden";FALSE;Vlaanderen;read in PDF;82;Tabel 28;;
C-301;Vlees van runderen, gezouten, gedroogd of gerookt (Prodcom 101312);Productievolume;Dierlijk - vee;Vlees;Rund;;4;Verwerking en conservering van vlees en gevogelte (NACE 10.1);Voedingsindustrie;S091;MONBIO 4.0;2021;1419;1419;ton;1;hoofdstroom;"NACE 10.13; door de bron NIET meegeteld in de productiecijfers om dubbeltelling te vermijden";FALSE;Vlaanderen;read in PDF;82;Tabel 28;;
C-302;Ander vlees en eetbare slachtafval, gezouten, gepekeld, gedroogd of gerookt (Prodcom 101313);Productievolume;Dierlijk - vee;Vlees;;;3;Verwerking en conservering van vlees en gevogelte (NACE 10.1);Voedingsindustrie;S091;MONBIO 4.0;2021;1061;1061;ton;1;hoofdstroom;"NACE 10.13; door de bron NIET meegeteld in de productiecijfers om dubbeltelling te vermijden";FALSE;Vlaanderen;read in PDF;82;Tabel 28;;
C-303;Worst van alle soorten, van vlees, van slachtafval of van bloed (Prodcom 101314);Productievolume;Dierlijk - vee;Vlees;;;3;Verwerking en conservering van vlees en gevogelte (NACE 10.1);Voedingsindustrie;S091;MONBIO 4.0;2021;101373;101373;ton;1;hoofdstroom;"NACE 10.13; door de bron NIET meegeteld in de productiecijfers om dubbeltelling te vermijden";FALSE;Vlaanderen;read in PDF;82;Tabel 28;;
C-304;Andere bereidingen en conserven, van vlees, van slachtafval of van bloed (Prodcom 101315);Productievolume;Dierlijk - vee;Vlees;;;3;Verwerking en conservering van vlees en gevogelte (NACE 10.1);Voedingsindustrie;S091;MONBIO 4.0;2021;227644;227644;ton;1;hoofdstroom;"NACE 10.13; door de bron NIET meegeteld in de productiecijfers om dubbeltelling te vermijden";FALSE;Vlaanderen;read in PDF;82;Tabel 28;;
C-305;Rundsvlees, Vlaamse productie (totaal vers/gekoeld + bevroren + gezouten);Productievolume;Dierlijk - vee;Vlees;Rund;;4;Verwerking en conservering van vlees en gevogelte (NACE 10.1);Voedingsindustrie;S091;MONBIO 4.0;2021;63770;63770;ton;1;hoofdstroom;eigen som van de bron over Prodcom 101111 + 101131 + 101312 (57.873 + 4.478 + 1.419);FALSE;Vlaanderen;read in PDF;79;tekst;niet optellen bij de afzonderlijke Prodcom-lijnen in Tabel 28 (p.81-82);
C-306;Varkensvlees, Vlaamse productie (totaal vers/gekoeld + bevroren + gezouten);Productievolume;Dierlijk - vee;Vlees;Varken;;4;Verwerking en conservering van vlees en gevogelte (NACE 10.1);Voedingsindustrie;S091;MONBIO 4.0;2021;442845;442845;ton;1;hoofdstroom;eigen som van de bron over Prodcom 101112 + 101132 + 101311 (368.791 + 48.305 + 25.749);FALSE;Vlaanderen;read in PDF;79;tekst;niet optellen bij de afzonderlijke Prodcom-lijnen in Tabel 28 (p.81-82);
C-307;Vlees van gevogelte, Vlaamse productie (totaal vers/gekoeld + bevroren);Productievolume;Dierlijk - vee;Vlees;Gevogelte;;4;Verwerking en conservering van vlees en gevogelte (NACE 10.1);Voedingsindustrie;S091;MONBIO 4.0;2021;549268;549268;ton;1;hoofdstroom;eigen som van de bron over Prodcom 101210 + 101220 (419.607 + 129.661);FALSE;Vlaanderen;read in PDF;79;tekst;niet optellen bij de afzonderlijke Prodcom-lijnen in Tabel 28 (p.81);
C-308;Eetbare slachtafvallen, totaal (grootste nevenstroom van de vlees- en gevogeltesector);Reststroom;Dierlijk - vee;Vlees;;;3;Verwerking en conservering van vlees en gevogelte (NACE 10.1);Voedingsindustrie;S091;MONBIO 4.0;2021;217672;217672;ton;1;agri-food waste;"eigen som van de bron; 'samen 217.672 ton'; komt overeen met Prodcom 101120 + 101240 + 101139 + 101313 = 217.671";TRUE;Vlaanderen;read in PDF;80;tekst;niet optellen bij de afzonderlijke Prodcom-lijnen in Tabel 28;
C-309;Visfilets en ander visvlees, vers of gekoeld (Prodcom 102011);Productievolume;Dierlijk - vis;Vis;;;3;Verwerking en conservering van vis (NACE 10.2);Voedingsindustrie;S091;MONBIO 4.0;2021;11591;11591;ton;1;hoofdstroom;"hoofdstroom NACE 10.2; Vlaams aandeel 88% (exportratio)";FALSE;Vlaanderen;read in PDF;84;Tabel 29;ook in tekst p.83;
C-310;Vis, op andere wijze bereid of verduurzaamd (Prodcom 102025);Productievolume;Dierlijk - vis;Vis;;;3;Verwerking en conservering van vis (NACE 10.2);Voedingsindustrie;S091;MONBIO 4.0;2021;20169;20169;ton;1;hoofdstroom;"hoofdstroom NACE 10.2; excl. bereide schotels op basis van vis";FALSE;Vlaanderen;read in PDF;84;Tabel 29;ook in tekst p.83;
C-311;Weekdieren, bevroren, gedroogd, gezouten of gepekeld (Prodcom 102032);Productievolume;Dierlijk - vis;Vis;Weekdieren;;4;Verwerking en conservering van vis (NACE 10.2);Voedingsindustrie;S091;MONBIO 4.0;2021;155;155;ton;1;hoofdstroom;hoofdstroom NACE 10.2;FALSE;Vlaanderen;read in PDF;84;Tabel 29;;
C-312;Aardappelen, bevroren (Prodcom 103111);Productievolume;Plantaardig - akkerbouw;Aardappelen en knolgewassen;Aardappel;;4;Verwerking en conservering van aardappelen (NACE 10.31);Voedingsindustrie;S091;MONBIO 4.0;2021;1596238;1596238;ton;1;hoofdstroom;"hoofdstroom NACE 10.31; Vlaams aandeel 69% (exportratio)";FALSE;Vlaanderen;read in PDF;86;Tabel 30;ook in tekst p.85;
C-313;Aardappelen, bereid of verduurzaamd (Prodcom 103114);Productievolume;Plantaardig - akkerbouw;Aardappelen en knolgewassen;Aardappel;;4;Verwerking en conservering van aardappelen (NACE 10.31);Voedingsindustrie;S091;MONBIO 4.0;2021;283288;283288;ton;1;hoofdstroom;hoofdstroom NACE 10.31;FALSE;Vlaanderen;read in PDF;86;Tabel 30;ook in tekst p.85;
C-314;Meel, gries, vlokken, korrels en pellets van gedroogde aardappelen (Prodcom 103113);Reststroom;Plantaardig - akkerbouw;Aardappelen en knolgewassen;Aardappel;;4;Verwerking en conservering van aardappelen (NACE 10.31);Voedingsindustrie;S091;MONBIO 4.0;2021;56585;56585;ton;1;agri-food waste;"nevenstroom NACE 10.31; bron: 'nevenstromen met zich mee van ongeveer 56.585 ton'";TRUE;Vlaanderen;read in PDF;86;Tabel 30;"ook in tekst p.85; afgerond 57 kton in Tabel 26 (p.76)";
C-315;Appelsap (Prodcom 103216);Productievolume;Plantaardig - tuinbouw;Fruit;Appel;;4;Verwerking van fruit, groenten en sappen (NACE 10.32);Voedingsindustrie;S091;MONBIO 4.0;2021;34219.92;32903768;liter;0.00104;hoofdstroom;"hoofdstroom NACE 10.32; omrekening met het door de bron opgegeven soortelijk gewicht van 1.040 g/l (p.74)";FALSE;Vlaanderen;read in PDF;88;Tabel 31;afgerond '33 miljoen liter' in tekst p.87;
C-316;Mengsels van vruchten- en groentesappen (Prodcom 103217);Productievolume;Gemengd;;;;2;Verwerking van fruit, groenten en sappen (NACE 10.32);Voedingsindustrie;S091;MONBIO 4.0;2021;41580.39;39981143;liter;0.00104;hoofdstroom;"hoofdstroom NACE 10.32; omrekening met het door de bron opgegeven soortelijk gewicht van 1.040 g/l (p.74)";FALSE;Vlaanderen;read in PDF;88;Tabel 31;afgerond '40 miljoen liter' in tekst p.87;
C-317;Sap van andere vruchten of groenten (Prodcom 103219);Productievolume;Gemengd;;;;2;Verwerking van fruit, groenten en sappen (NACE 10.32);Voedingsindustrie;S091;MONBIO 4.0;2021;15303.74;14715131;liter;0.00104;hoofdstroom;"hoofdstroom NACE 10.32; omrekening met het door de bron opgegeven soortelijk gewicht van 1.040 g/l (p.74)";FALSE;Vlaanderen;read in PDF;88;Tabel 31;;
C-318;Groenten, bevroren (Prodcom 103911);Productievolume;Plantaardig - tuinbouw;Groenten;;;3;Verwerking en conservering van groenten en fruit (NACE 10.39);Voedingsindustrie;S091;MONBIO 4.0;2021;1232377;1232377;ton;1;hoofdstroom;"hoofdstroom NACE 10.39; Vlaams aandeel 93% (exportratio)";FALSE;Vlaanderen;read in PDF;88;Tabel 31;afgerond '1,2 miljoen ton diepvriesgroenten' in tekst p.87;
C-319;Andere groenten, op andere wijze verduurzaamd dan in azijn (Prodcom 103917);Productievolume;Plantaardig - tuinbouw;Groenten;;;3;Verwerking en conservering van groenten en fruit (NACE 10.39);Voedingsindustrie;S091;MONBIO 4.0;2021;72920;72920;ton;1;hoofdstroom;"hoofdstroom NACE 10.39; Vlaams aandeel 93% (exportratio)";FALSE;Vlaanderen;read in PDF;88;Tabel 31;;
C-320;Groenten, vruchten en andere eetbare plantendelen, bereid of verduurzaamd in azijn (Prodcom 103918);Productievolume;Gemengd;;;;2;Verwerking en conservering van groenten en fruit (NACE 10.39);Voedingsindustrie;S091;MONBIO 4.0;2021;13246;13246;ton;1;hoofdstroom;"hoofdstroom NACE 10.39; Vlaams aandeel 93% (exportratio)";FALSE;Vlaanderen;read in PDF;88;Tabel 31;;
C-321;Vruchten en noten, ook indien gestoomd of in water gekookt, bevroren (Prodcom 103921);Productievolume;Plantaardig - tuinbouw;Fruit;;;3;Verwerking en conservering van groenten en fruit (NACE 10.39);Voedingsindustrie;S091;MONBIO 4.0;2021;30595;30595;ton;1;hoofdstroom;"hoofdstroom NACE 10.39; Vlaams aandeel 93% (exportratio)";FALSE;Vlaanderen;read in PDF;88;Tabel 31;;
C-322;Jam, vruchtengelei, vruchtenmoes en vruchtenpasta (Prodcom 103922);Productievolume;Plantaardig - tuinbouw;Fruit;;;3;Verwerking en conservering van groenten en fruit (NACE 10.39);Voedingsindustrie;S091;MONBIO 4.0;2021;94330;94330;ton;1;hoofdstroom;"hoofdstroom NACE 10.39; Vlaams aandeel 93% (exportratio)";FALSE;Vlaanderen;read in PDF;89;Tabel 31;;
C-323;Andere bereide, gedroogde of verduurzaamde vruchten (Prodcom 103929);Productievolume;Plantaardig - tuinbouw;Fruit;;;3;Verwerking en conservering van groenten en fruit (NACE 10.39);Voedingsindustrie;S091;MONBIO 4.0;2021;28103;28103;ton;1;hoofdstroom;"hoofdstroom NACE 10.39; Vlaams aandeel 93% (exportratio)";FALSE;Vlaanderen;read in PDF;89;Tabel 31;;
C-324;Sojaolie, ruwe productie (Belgie);Productievolume;Plantaardig - akkerbouw;Oliehoudende gewassen;Soja;;4;Vervaardiging van plantaardige olien (NACE 10.4);Voedingsindustrie;S091;MONBIO 4.0;2021;23000;23;kton;1000;hoofdstroom;"FEDIOL-statistiek voor Belgie; ruwe productie";FALSE;Belgie;read in PDF;91;Tabel 32;;
C-325;Raap- en koolzaadolie, ruwe productie (Belgie);Productievolume;Plantaardig - akkerbouw;Oliehoudende gewassen;Kool- en raapzaad;;4;Vervaardiging van plantaardige olien (NACE 10.4);Voedingsindustrie;S091;MONBIO 4.0;2021;504000;504;kton;1000;hoofdstroom;"FEDIOL-statistiek voor Belgie; ruwe productie";FALSE;Belgie;read in PDF;91;Tabel 32;'504 kton voor Belgie' ook in tekst p.90 en p.4;
C-326;Zonnebloemolie, ruwe productie (Belgie);Productievolume;Plantaardig - akkerbouw;Oliehoudende gewassen;Zonnebloem;;4;Vervaardiging van plantaardige olien (NACE 10.4);Voedingsindustrie;S091;MONBIO 4.0;2021;44000;44;kton;1000;hoofdstroom;"FEDIOL-statistiek voor Belgie; ruwe productie";FALSE;Belgie;read in PDF;91;Tabel 32;;
C-327;Lijnzaadolie, ruwe productie (Belgie);Productievolume;Plantaardig - akkerbouw;Oliehoudende gewassen;Lijnzaad;;4;Vervaardiging van plantaardige olien (NACE 10.4);Voedingsindustrie;S091;MONBIO 4.0;2021;138000;138;kton;1000;hoofdstroom;"FEDIOL-statistiek voor Belgie; ruwe productie";FALSE;Belgie;read in PDF;91;Tabel 32;;
C-328;Maiskiemolie, ruwe productie (Belgie);Productievolume;Plantaardig - akkerbouw;Oliehoudende gewassen;Maiskiem;;4;Vervaardiging van plantaardige olien (NACE 10.4);Voedingsindustrie;S091;MONBIO 4.0;2021;62000;62;kton;1000;hoofdstroom;"FEDIOL-statistiek voor Belgie; ruwe productie";FALSE;Belgie;read in PDF;91;Tabel 32;;
C-329;AGGREGAAT - plantaardige olie, totale ruwe productie (Belgie);Productievolume;Plantaardig - akkerbouw;Oliehoudende gewassen;;;3;Vervaardiging van plantaardige olien (NACE 10.4);Voedingsindustrie;S091;MONBIO 4.0;2021;771000;771;kton;1000;hoofdstroom;"FEDIOL-statistiek voor Belgie; rij TOTAAL ruwe productie";FALSE;Belgie;read in PDF;91;Tabel 32;hetzelfde getal staat als Vlaams cijfer in Tabel 26 (p.76) - zie de anomalienota;
C-330;Sojaschroot, ruwe productie (Belgie);Reststroom;Plantaardig - akkerbouw;Oliehoudende gewassen;Soja;;4;Vervaardiging van plantaardige olien (NACE 10.4);Voedingsindustrie;S091;MONBIO 4.0;2021;98000;98;kton;1000;agri-food waste;"FEDIOL-statistiek voor Belgie; nevenstroom meel/schroot";TRUE;Belgie;read in PDF;91;Tabel 33;;
C-331;Raap- en koolzaadschroot, ruwe productie (Belgie);Reststroom;Plantaardig - akkerbouw;Oliehoudende gewassen;Kool- en raapzaad;;4;Vervaardiging van plantaardige olien (NACE 10.4);Voedingsindustrie;S091;MONBIO 4.0;2021;681000;681;kton;1000;agri-food waste;"FEDIOL-statistiek voor Belgie; nevenstroom meel/schroot";TRUE;Belgie;read in PDF;91;Tabel 33;;
C-332;Zonnebloemschroot, ruwe productie (Belgie);Reststroom;Plantaardig - akkerbouw;Oliehoudende gewassen;Zonnebloem;;4;Vervaardiging van plantaardige olien (NACE 10.4);Voedingsindustrie;S091;MONBIO 4.0;2021;58000;58;kton;1000;agri-food waste;"FEDIOL-statistiek voor Belgie; nevenstroom meel/schroot";TRUE;Belgie;read in PDF;91;Tabel 33;;
C-333;Lijnzaadschroot, ruwe productie (Belgie);Reststroom;Plantaardig - akkerbouw;Oliehoudende gewassen;Lijnzaad;;4;Vervaardiging van plantaardige olien (NACE 10.4);Voedingsindustrie;S091;MONBIO 4.0;2021;245000;245;kton;1000;agri-food waste;"FEDIOL-statistiek voor Belgie; nevenstroom meel/schroot";TRUE;Belgie;read in PDF;91;Tabel 33;;
C-334;Meel/schroot uit andere oliehoudende zaden, ruwe productie (Belgie);Reststroom;Plantaardig - akkerbouw;Oliehoudende gewassen;;;3;Vervaardiging van plantaardige olien (NACE 10.4);Voedingsindustrie;S091;MONBIO 4.0;2021;68000;68;kton;1000;agri-food waste;"FEDIOL-statistiek voor Belgie; nevenstroom meel/schroot";TRUE;Belgie;read in PDF;91;Tabel 33;;
C-335;AGGREGAAT - meel en schroot uit de plantaardige olieproductie, totale ruwe productie (Belgie);Reststroom;Plantaardig - akkerbouw;Oliehoudende gewassen;;;3;Vervaardiging van plantaardige olien (NACE 10.4);Voedingsindustrie;S091;MONBIO 4.0;2021;1149000;1149;kton;1000;agri-food waste;"FEDIOL-statistiek voor Belgie; rij TOTAAL ruwe productie nevenstromen";TRUE;Belgie;read in PDF;91;Tabel 33;"hetzelfde getal staat als Vlaams cijfer in Tabel 26 (p.76) - zie de anomalienota; '1.149 kton voor Belgie' ook in tekst p.4";
C-336;Andere plantaardige olien, ruw (Prodcom 104129);Productievolume;Plantaardig - akkerbouw;Oliehoudende gewassen;;;3;Vervaardiging van plantaardige en dierlijke olien en vetten (NACE 10.4);Voedingsindustrie;S091;MONBIO 4.0;2021;78866;78866;ton;1;hoofdstroom;"NACE 10.4; de bron gebruikte voor haar totalen Tabel 32/33 (FEDIOL) in plaats van deze tabel";FALSE;Vlaanderen;read in PDF;92;Tabel 34;;
C-337;Palmolie en fracties daarvan, geraffineerd (Prodcom 104157);Productievolume;Plantaardig - akkerbouw;Oliehoudende gewassen;Palm;;4;Vervaardiging van plantaardige en dierlijke olien en vetten (NACE 10.4);Voedingsindustrie;S091;MONBIO 4.0;2021;68129;68129;ton;1;hoofdstroom;"NACE 10.4; de bron gebruikte voor haar totalen Tabel 32/33 (FEDIOL) in plaats van deze tabel";FALSE;Vlaanderen;read in PDF;92;Tabel 34;;
C-338;Kokosolie en fracties daarvan, geraffineerd (Prodcom 104158);Productievolume;Plantaardig - akkerbouw;Oliehoudende gewassen;Kokos;;4;Vervaardiging van plantaardige en dierlijke olien en vetten (NACE 10.4);Voedingsindustrie;S091;MONBIO 4.0;2021;3320;3320;ton;1;hoofdstroom;"NACE 10.4; de bron gebruikte voor haar totalen Tabel 32/33 (FEDIOL) in plaats van deze tabel";FALSE;Vlaanderen;read in PDF;92;Tabel 34;;
C-339;Andere olien en fracties daarvan, geraffineerd (Prodcom 104159);Productievolume;Plantaardig - akkerbouw;Oliehoudende gewassen;;;3;Vervaardiging van plantaardige en dierlijke olien en vetten (NACE 10.4);Voedingsindustrie;S091;MONBIO 4.0;2021;34401;34401;ton;1;hoofdstroom;"NACE 10.4; de bron gebruikte voor haar totalen Tabel 32/33 (FEDIOL) in plaats van deze tabel";FALSE;Vlaanderen;read in PDF;93;Tabel 34;;
C-340;Dierlijke en plantaardige vetten en olien, gehydrogeneerd of veresterd (Prodcom 104160);Productievolume;Gemengd;;;;2;Vervaardiging van plantaardige en dierlijke olien en vetten (NACE 10.4);Voedingsindustrie;S091;MONBIO 4.0;2021;66426;66426;ton;1;hoofdstroom;"NACE 10.4; de bron gebruikte voor haar totalen Tabel 32/33 (FEDIOL) in plaats van deze tabel";FALSE;Vlaanderen;read in PDF;93;Tabel 34;;
C-341;Margarine en andere eetbare vetten (Prodcom 104210);Productievolume;Gemengd;;;;2;Vervaardiging van plantaardige en dierlijke olien en vetten (NACE 10.4);Voedingsindustrie;S091;MONBIO 4.0;2021;395511;395511;ton;1;hoofdstroom;"NACE 10.4; de bron gebruikte voor haar totalen Tabel 32/33 (FEDIOL) in plaats van deze tabel; margarine wordt door de bron NIET bij de olieproductie opgeteld om dubbeltelling te vermijden";FALSE;Vlaanderen;read in PDF;93;Tabel 34;;
C-342;Perskoeken en andere vaste afvallen van plantaardige olien en vetten (Prodcom 104141);Reststroom;Plantaardig - akkerbouw;Oliehoudende gewassen;;;3;Vervaardiging van plantaardige en dierlijke olien en vetten (NACE 10.4);Voedingsindustrie;S091;MONBIO 4.0;2021;1019363;1019363;ton;1;agri-food waste;"NACE 10.4; de bron gebruikte voor haar totalen Tabel 32/33 (FEDIOL) in plaats van deze tabel";TRUE;Vlaanderen;read in PDF;92;Tabel 34;;
C-343;Verwerkte vloeibare melk (incl. karnemelk) (Prodcom 105111);Productievolume;Dierlijk - vee;Melk;;;3;Vervaardiging van zuivelproducten (NACE 10.5);Voedingsindustrie;S091;MONBIO 4.0;2021;554739.89;538582419;liter;0.00103;hoofdstroom;"hoofdstroom NACE 10.5; omrekening met het door de bron opgegeven soortelijk gewicht van 1.030 g/l (p.74); Vlaams aandeel 83% (exportratio)";FALSE;Vlaanderen;read in PDF;95;Tabel 35;afgerond 'meer dan 539 miljoen liter' in tekst p.94;
C-344;Melk en room met meer dan 6% vet, niet ingedikt of gezoet (Prodcom 105112);Productievolume;Dierlijk - vee;Melk;;;3;Vervaardiging van zuivelproducten (NACE 10.5);Voedingsindustrie;S091;MONBIO 4.0;2021;216442.05;210137914;liter;0.00103;hoofdstroom;"hoofdstroom NACE 10.5; omrekening met het door de bron opgegeven soortelijk gewicht van 1.030 g/l (p.74)";FALSE;Vlaanderen;read in PDF;95;Tabel 35;;
C-345;Mageremelk- en roompoeder (Prodcom 105121);Productievolume;Dierlijk - vee;Melk;;;3;Vervaardiging van zuivelproducten (NACE 10.5);Voedingsindustrie;S091;MONBIO 4.0;2021;129384;129384;ton;1;hoofdstroom;"hoofdstroom NACE 10.5; Vlaams aandeel 83% (exportratio)";FALSE;Vlaanderen;read in PDF;95;Tabel 35;;
C-346;Vollemelk- en roompoeder (Prodcom 105122);Productievolume;Dierlijk - vee;Melk;;;3;Vervaardiging van zuivelproducten (NACE 10.5);Voedingsindustrie;S091;MONBIO 4.0;2021;33513;33513;ton;1;hoofdstroom;"hoofdstroom NACE 10.5; Vlaams aandeel 83% (exportratio)";FALSE;Vlaanderen;read in PDF;95;Tabel 35;;
C-347;Boter en zuivelpasta's (Prodcom 105130);Productievolume;Dierlijk - vee;Melk;;;3;Vervaardiging van zuivelproducten (NACE 10.5);Voedingsindustrie;S091;MONBIO 4.0;2021;75205;75205;ton;1;hoofdstroom;"hoofdstroom NACE 10.5; Vlaams aandeel 83% (exportratio)";FALSE;Vlaanderen;read in PDF;95;Tabel 35;;
C-348;Kaas en wrongel (Prodcom 105140);Productievolume;Dierlijk - vee;Melk;;;3;Vervaardiging van zuivelproducten (NACE 10.5);Voedingsindustrie;S091;MONBIO 4.0;2021;101256;101256;ton;1;hoofdstroom;"hoofdstroom NACE 10.5; Vlaams aandeel 83% (exportratio)";FALSE;Vlaanderen;read in PDF;95;Tabel 35;;
C-349;Melk en room, ingedikt of met toegevoegde suiker (Prodcom 105151);Productievolume;Dierlijk - vee;Melk;;;3;Vervaardiging van zuivelproducten (NACE 10.5);Voedingsindustrie;S091;MONBIO 4.0;2021;214953;214953;ton;1;hoofdstroom;"hoofdstroom NACE 10.5; Vlaams aandeel 83% (exportratio)";FALSE;Vlaanderen;read in PDF;95;Tabel 35;;
C-350;Zuivelproducten, n.e.g. (Prodcom 105156);Productievolume;Dierlijk - vee;Melk;;;3;Vervaardiging van zuivelproducten (NACE 10.5);Voedingsindustrie;S091;MONBIO 4.0;2021;358250;358250;ton;1;hoofdstroom;"hoofdstroom NACE 10.5; Vlaams aandeel 83% (exportratio)";FALSE;Vlaanderen;read in PDF;95;Tabel 35;;
C-351;Meel van tarwe of van mengkoren (Prodcom 106121);Productievolume;Plantaardig - akkerbouw;Granen;Tarwe;;4;Vervaardiging van maalderijproducten, zetmeel, bakkerijproducten en deegwaren (NACE 10.6-10.7);Voedingsindustrie;S091;MONBIO 4.0;2021;720757;720757;ton;1;hoofdstroom;"hoofdstroom NACE 10.6; Vlaams aandeel 76% (exportratio maalderijen)";FALSE;Vlaanderen;read in PDF;97;Tabel 36;ook in tekst p.96;
C-352;Meel van andere granen (Prodcom 106122);Productievolume;Plantaardig - akkerbouw;Granen;;;3;Vervaardiging van maalderijproducten, zetmeel, bakkerijproducten en deegwaren (NACE 10.6-10.7);Voedingsindustrie;S091;MONBIO 4.0;2021;30630;30630;ton;1;hoofdstroom;hoofdstroom NACE 10.6;FALSE;Vlaanderen;read in PDF;97;Tabel 36;;
C-353;Mengsels voor de bereiding van bakkerijproducten (Prodcom 106124);Productievolume;Plantaardig - akkerbouw;Granen;;;3;Vervaardiging van maalderijproducten, zetmeel, bakkerijproducten en deegwaren (NACE 10.6-10.7);Voedingsindustrie;S091;MONBIO 4.0;2021;107662;107662;ton;1;hoofdstroom;hoofdstroom NACE 10.6;FALSE;Vlaanderen;read in PDF;97;Tabel 36;;
C-354;Ontbijtgranen en andere graanproducten (Prodcom 106133);Productievolume;Plantaardig - akkerbouw;Granen;;;3;Vervaardiging van maalderijproducten, zetmeel, bakkerijproducten en deegwaren (NACE 10.6-10.7);Voedingsindustrie;S091;MONBIO 4.0;2021;262407;262407;ton;1;hoofdstroom;hoofdstroom NACE 10.6;FALSE;Vlaanderen;read in PDF;97;Tabel 36;;
C-355;Zetmeel, inuline, tarwegluten, dextrine en ander gewijzigd zetmeel (Prodcom 106211);Productievolume;Gemengd;;;;2;Vervaardiging van maalderijproducten, zetmeel, bakkerijproducten en deegwaren (NACE 10.6-10.7);Voedingsindustrie;S091;MONBIO 4.0;2021;395773;395773;ton;1;hoofdstroom;"hoofdstroom NACE 10.62; Vlaams aandeel 84% (exportratio zetmeel/glucose)";FALSE;Vlaanderen;read in PDF;97;Tabel 36;;
C-356;Glucose en glucosestroop, fructose en fructosestroop, invertsuiker (Prodcom 106213);Productievolume;Gemengd;;;;2;Vervaardiging van maalderijproducten, zetmeel, bakkerijproducten en deegwaren (NACE 10.6-10.7);Voedingsindustrie;S091;MONBIO 4.0;2021;584402;584402;ton;1;hoofdstroom;hoofdstroom NACE 10.62;FALSE;Vlaanderen;read in PDF;97;Tabel 36;;
C-357;Gries, griesmeel en pellets van granen, n.e.g. (Prodcom 106132);Reststroom;Plantaardig - akkerbouw;Granen;;;3;Vervaardiging van maalderijproducten, zetmeel, bakkerijproducten en deegwaren (NACE 10.6-10.7);Voedingsindustrie;S091;MONBIO 4.0;2021;85219;85219;ton;1;agri-food waste;"nevenstroom NACE 10.6; bron: 'niet bekend voor tarwe, maar 85.219 ton voor andere granen'";TRUE;Vlaanderen;read in PDF;97;Tabel 36;ook in tekst p.96;
C-358;Zemelen, slijpsel en andere resten van het bewerken van granen (Prodcom 106140);Reststroom;Plantaardig - akkerbouw;Granen;;;3;Vervaardiging van maalderijproducten, zetmeel, bakkerijproducten en deegwaren (NACE 10.6-10.7);Voedingsindustrie;S091;MONBIO 4.0;2021;275849;275849;ton;1;agri-food waste;nevenstroom NACE 10.6;TRUE;Vlaanderen;read in PDF;97;Tabel 36;ook in tekst p.96;
C-359;Vers brood (Prodcom 107111);Productievolume;Plantaardig - akkerbouw;Granen;;;3;Vervaardiging van maalderijproducten, zetmeel, bakkerijproducten en deegwaren (NACE 10.6-10.7);Voedingsindustrie;S091;MONBIO 4.0;2021;286387;286387;ton;1;hoofdstroom;"NACE 10.7; door de bron NIET meegeteld in de productiecijfers om dubbeltelling te vermijden";FALSE;Vlaanderen;read in PDF;98;Tabel 36;;
C-360;Ontbijtkoek, koekjes en biscuits, wafels en wafeltjes (Prodcom 107212);Productievolume;Gemengd;;;;2;Vervaardiging van maalderijproducten, zetmeel, bakkerijproducten en deegwaren (NACE 10.6-10.7);Voedingsindustrie;S091;MONBIO 4.0;2021;323067;323067;ton;1;hoofdstroom;"NACE 10.72; door de bron NIET meegeteld in de productiecijfers om dubbeltelling te vermijden";FALSE;Vlaanderen;read in PDF;98;Tabel 36;;
C-361;Riet- en beetwortelsuiker, geraffineerd (Prodcom 108112);Productievolume;Plantaardig - akkerbouw;Suikerbieten en nijverheidsgewassen;;;3;Vervaardiging van suiker, chocolade en andere voedingsmiddelen (NACE 10.8);Voedingsindustrie;S091;MONBIO 4.0;2021;556283;556283;ton;1;hoofdstroom;"hoofdstroom NACE 10.81; Vlaams aandeel 67% (exportproxy); mengt riet- en bietsuiker";FALSE;Vlaanderen;read in PDF;100;Tabel 37;"ook in tekst p.99; variant: de bron citeert daar ook Food Industry (2020) met 650.000 ton";
C-362;Melasse (Prodcom 108114);Reststroom;Plantaardig - akkerbouw;Suikerbieten en nijverheidsgewassen;;;3;Vervaardiging van suiker, chocolade en andere voedingsmiddelen (NACE 10.8);Voedingsindustrie;S091;MONBIO 4.0;2021;91958;91958;ton;1;agri-food waste;"nevenstroom NACE 10.81; Vlaams aandeel 67% (exportproxy)";TRUE;Vlaanderen;read in PDF;100;Tabel 37;variant: op grondgebiedbasis (35%) geeft de bron 47.805 ton melasse op p.99;
C-363;Cacaopasta, ook indien ontvet (Prodcom 108211);Productievolume;Plantaardig - akkerbouw;Specerijen;Cacao;;4;Vervaardiging van suiker, chocolade en andere voedingsmiddelen (NACE 10.8);Voedingsindustrie;S091;MONBIO 4.0;2021;22310;22310;ton;1;hoofdstroom;hoofdstroom NACE 10.82;FALSE;Vlaanderen;read in PDF;100;Tabel 37;;
C-364;Cacaoboter, cacaovet en cacao-olie (Prodcom 108212);Productievolume;Plantaardig - akkerbouw;Specerijen;Cacao;;4;Vervaardiging van suiker, chocolade en andere voedingsmiddelen (NACE 10.8);Voedingsindustrie;S091;MONBIO 4.0;2021;1061;1061;ton;1;hoofdstroom;hoofdstroom NACE 10.82;FALSE;Vlaanderen;read in PDF;100;Tabel 37;;
C-365;Chocolade en andere cacaobevattende bereidingen, in grote verpakkingen (Prodcom 108221);Productievolume;Gemengd;;;;2;Vervaardiging van suiker, chocolade en andere voedingsmiddelen (NACE 10.8);Voedingsindustrie;S091;MONBIO 4.0;2021;554394;554394;ton;1;hoofdstroom;"hoofdstroom NACE 10.82; Vlaams aandeel 95% (exportproxy)";FALSE;Vlaanderen;read in PDF;100;Tabel 37;;
C-366;Suikerwerk zonder cacao, witte chocolade daaronder begrepen (Prodcom 108223);Productievolume;Gemengd;;;;2;Vervaardiging van suiker, chocolade en andere voedingsmiddelen (NACE 10.8);Voedingsindustrie;S091;MONBIO 4.0;2021;201787;201787;ton;1;hoofdstroom;hoofdstroom NACE 10.82;FALSE;Vlaanderen;read in PDF;100;Tabel 37;;
C-367;Sausen, samengestelde kruiderijen, mosterdmeel en bereide mosterd (Prodcom 108412);Productievolume;Gemengd;;;;2;Vervaardiging van suiker, chocolade en andere voedingsmiddelen (NACE 10.8);Voedingsindustrie;S091;MONBIO 4.0;2021;296212;296212;ton;1;hoofdstroom;hoofdstroom NACE 10.84;FALSE;Vlaanderen;read in PDF;101;Tabel 37;;
C-368;Bereide maaltijden en schotels op basis van vlees, slachtafvallen of bloed (Prodcom 108511);Productievolume;Gemengd;;;;2;Vervaardiging van suiker, chocolade en andere voedingsmiddelen (NACE 10.8);Voedingsindustrie;S091;MONBIO 4.0;2021;42037;42037;ton;1;hoofdstroom;hoofdstroom NACE 10.85;FALSE;Vlaanderen;read in PDF;101;Tabel 37;;
C-369;Bereide maaltijden en schotels op basis van vis, schaaldieren of weekdieren (Prodcom 108512);Productievolume;Gemengd;;;;2;Vervaardiging van suiker, chocolade en andere voedingsmiddelen (NACE 10.8);Voedingsindustrie;S091;MONBIO 4.0;2021;9875;9875;ton;1;hoofdstroom;hoofdstroom NACE 10.85;FALSE;Vlaanderen;read in PDF;101;Tabel 37;;
C-370;Bereide maaltijden en schotels op basis van groenten (Prodcom 108513);Productievolume;Gemengd;;;;2;Vervaardiging van suiker, chocolade en andere voedingsmiddelen (NACE 10.8);Voedingsindustrie;S091;MONBIO 4.0;2021;27800;27800;ton;1;hoofdstroom;hoofdstroom NACE 10.85;FALSE;Vlaanderen;read in PDF;101;Tabel 37;;
C-371;Bereide maaltijden en schotels op basis van deegwaren (Prodcom 108514);Productievolume;Gemengd;;;;2;Vervaardiging van suiker, chocolade en andere voedingsmiddelen (NACE 10.8);Voedingsindustrie;S091;MONBIO 4.0;2021;74151;74151;ton;1;hoofdstroom;hoofdstroom NACE 10.85;FALSE;Vlaanderen;read in PDF;101;Tabel 37;;
C-372;Andere bereide maaltijden en schotels (Prodcom 108519);Productievolume;Gemengd;;;;2;Vervaardiging van suiker, chocolade en andere voedingsmiddelen (NACE 10.8);Voedingsindustrie;S091;MONBIO 4.0;2021;2956;2956;ton;1;hoofdstroom;hoofdstroom NACE 10.85;FALSE;Vlaanderen;read in PDF;101;Tabel 37;;
C-373;Gehomogeniseerde voedingspreparaten en dieetvoeding (Prodcom 108610);Productievolume;Gemengd;;;;2;Vervaardiging van suiker, chocolade en andere voedingsmiddelen (NACE 10.8);Voedingsindustrie;S091;MONBIO 4.0;2021;6816;6816;ton;1;hoofdstroom;hoofdstroom NACE 10.86;FALSE;Vlaanderen;read in PDF;102;Tabel 37;;
C-374;Preparaten voor soep of voor bouillon, bereide soep en bouillon (Prodcom 108911);Productievolume;Gemengd;;;;2;Vervaardiging van suiker, chocolade en andere voedingsmiddelen (NACE 10.8);Voedingsindustrie;S091;MONBIO 4.0;2021;17484;17484;ton;1;hoofdstroom;hoofdstroom NACE 10.89;FALSE;Vlaanderen;read in PDF;102;Tabel 37;;
C-375;Vogeleieren uit de schaal en eigeel, vers of verduurzaamd, ovoalbumine (Prodcom 108912);Productievolume;Dierlijk - vee;Eieren;;;3;Vervaardiging van suiker, chocolade en andere voedingsmiddelen (NACE 10.8);Voedingsindustrie;S091;MONBIO 4.0;2021;58796;58796;ton;1;hoofdstroom;hoofdstroom NACE 10.89;FALSE;Vlaanderen;read in PDF;102;Tabel 37;;
C-376;Gist, ook indien inactief, en samengesteld bakpoeder (Prodcom 108913);Productievolume;Gemengd;;;;2;Vervaardiging van suiker, chocolade en andere voedingsmiddelen (NACE 10.8);Voedingsindustrie;S091;MONBIO 4.0;2021;138901;138901;ton;1;hoofdstroom;hoofdstroom NACE 10.89;FALSE;Vlaanderen;read in PDF;102;Tabel 37;;
C-377;Voedingssupplementen bestemd voor menselijke consumptie (Prodcom 108917);Productievolume;Gemengd;;;;2;Vervaardiging van suiker, chocolade en andere voedingsmiddelen (NACE 10.8);Voedingsindustrie;S091;MONBIO 4.0;2021;41360;41360;ton;1;hoofdstroom;hoofdstroom NACE 10.89;FALSE;Vlaanderen;read in PDF;102;Tabel 37;;
C-378;Andere voedingsmiddelen, n.e.g. (Prodcom 108919);Productievolume;Gemengd;;;;2;Vervaardiging van suiker, chocolade en andere voedingsmiddelen (NACE 10.8);Voedingsindustrie;S091;MONBIO 4.0;2021;398207;398207;ton;1;hoofdstroom;hoofdstroom NACE 10.89;FALSE;Vlaanderen;read in PDF;102;Tabel 37;;
C-379;Suikerproductie op Vlaamse productiesites (grondgebiedbasis);Productievolume;Plantaardig - akkerbouw;Suikerbieten en nijverheidsgewassen;;;3;Vervaardiging van suiker (NACE 10.81);Voedingsindustrie;S091;MONBIO 4.0;2021;289188;289188;ton;1;hoofdstroom;"bron rekent hier met het grondgebied (35%) i.p.v. de exportproxy; 90% gaat als consumentensuiker rechtstreeks naar de consument";FALSE;Vlaanderen;read in PDF;99;tekst;parallelle afbakening naast de 556.283 ton van Tabel 37 (exportproxy 67%) - niet optellen;
C-380;Suikerproductie Vlaanderen volgens Food Industry (2020);Productievolume;Plantaardig - akkerbouw;Suikerbieten en nijverheidsgewassen;;;3;Vervaardiging van suiker (NACE 10.81);Voedingsindustrie;S091;MONBIO 4.0;2021;650000;650000;ton;1;hoofdstroom;schatting van een derde bron die de bron zelf naast haar eigen 556.283 ton plaatst;FALSE;Vlaanderen;read in PDF;99;tekst;variant van de 556.283 ton uit Tabel 37 (p.100);
C-381;Melasse op Vlaamse productiesites (grondgebiedbasis);Reststroom;Plantaardig - akkerbouw;Suikerbieten en nijverheidsgewassen;;;3;Vervaardiging van suiker (NACE 10.81);Voedingsindustrie;S091;MONBIO 4.0;2021;47805;47805;ton;1;agri-food waste;"nevenstroom; bron rekent met het grondgebied (35%); '13% van de biet'";TRUE;Vlaanderen;read in PDF;99;tekst;parallelle afbakening naast de 91.958 ton van Tabel 37 (p.100) - niet optellen;
C-382;Bietenpulp;Reststroom;Plantaardig - akkerbouw;Suikerbieten en nijverheidsgewassen;Suikerbiet;pulp;5;Vervaardiging van suiker (NACE 10.81);Voedingsindustrie;S091;MONBIO 4.0;2021;350000;350000;ton;1;agri-food waste;"nevenstroom; bron schrijft 'ongeveer 350.000 ton bietenpulp (3.5-5% van de biet)'; onderscheid natte perspulp, natte pulp en droge pulp";TRUE;Vlaanderen;read in PDF;99;tekst;;
C-383;Chocolade, Vlaamse productie (schatting);Productievolume;Gemengd;;;;2;Vervaardiging van chocolade (NACE 10.82);Voedingsindustrie;S091;MONBIO 4.0;2021;900000;900000;ton;1;hoofdstroom;bron schrijft 'ongeveer 900.000 ton chocolade' op basis van gegevens uit eerdere jaren, omdat de Prodcom-cijfers deels confidentieel zijn;FALSE;Vlaanderen;read in PDF;99;tekst;ook in de samenvatting p.5 ('zo'n 900 kton');
C-384;Totaal mengvoeder, productie (BFA);Productievolume;Gemengd;;;;2;Vervaardiging van diervoeders (NACE 10.9);Voedingsindustrie;S091;MONBIO 4.0;2021;6175148;6175148;ton;1;hoofdstroom;"output voedersector volgens BFA; Vlaams aandeel 90%";FALSE;Vlaanderen;read in PDF;105;Tabel 39;afgerond 6.175 kton in Tabel 26 (p.76);
C-385;Varkensvoeder, productie (BFA);Productievolume;Gemengd;;;;2;Vervaardiging van diervoeders (NACE 10.9);Voedingsindustrie;S091;MONBIO 4.0;2021;3202513;3202513;ton;1;hoofdstroom;"output voedersector volgens BFA; Vlaams aandeel 90%";FALSE;Vlaanderen;read in PDF;105;Tabel 39;;
C-386;Rundveevoeder, productie (BFA);Productievolume;Gemengd;;;;2;Vervaardiging van diervoeders (NACE 10.9);Voedingsindustrie;S091;MONBIO 4.0;2021;1385876;1385876;ton;1;hoofdstroom;"output voedersector volgens BFA; Vlaams aandeel 90%";FALSE;Vlaanderen;read in PDF;105;Tabel 39;;
C-387;Pluimveevoeder, productie (BFA);Productievolume;Gemengd;;;;2;Vervaardiging van diervoeders (NACE 10.9);Voedingsindustrie;S091;MONBIO 4.0;2021;1123972;1123972;ton;1;hoofdstroom;"output voedersector volgens BFA; Vlaams aandeel 90%";FALSE;Vlaanderen;read in PDF;105;Tabel 39;;
C-388;Andere mengvoeders, productie (BFA);Productievolume;Gemengd;;;;2;Vervaardiging van diervoeders (NACE 10.9);Voedingsindustrie;S091;MONBIO 4.0;2021;462787;462787;ton;1;hoofdstroom;"output voedersector volgens BFA; Vlaams aandeel 90%";FALSE;Vlaanderen;read in PDF;105;Tabel 39;;
C-389;Voormengsels, productie (BFA);Productievolume;Gemengd;;;;2;Vervaardiging van diervoeders (NACE 10.9);Voedingsindustrie;S091;MONBIO 4.0;2021;218700;218700;ton;1;hoofdstroom;"output voedersector volgens BFA; Vlaams aandeel 90%";FALSE;Vlaanderen;read in PDF;105;Tabel 39;;
C-390;Mengvoeder, productie volgens PRODCOM;Productievolume;Gemengd;;;;2;Vervaardiging van diervoeders (NACE 10.9);Voedingsindustrie;S091;MONBIO 4.0;2021;7444934;7444934;ton;1;hoofdstroom;"PRODCOM-cijfer dat de bron naast het BFA-cijfer zet; de bron gebruikt zelf het BFA-cijfer";FALSE;Vlaanderen;read in PDF;105;Tabel 39;"variant van de 6.175.148 ton (BFA) op dezelfde pagina; = Tabel 40's 7.716.604 + 198.524 - niet optellen";
C-391;Bereide veevoeders, met uitzondering van luzernemeel en luzerne in pellets (Prodcom 109110);Productievolume;Gemengd;;;;2;Vervaardiging van diervoeders (NACE 10.9);Voedingsindustrie;S091;MONBIO 4.0;2021;7716604;7716604;ton;1;hoofdstroom;"NACE 10.9; de bron gebruikte voor haar totalen de BFA-cijfers (Tabel 39) in plaats van deze tabel";FALSE;Vlaanderen;read in PDF;105;Tabel 40;;
C-392;Bereide voeders voor huisdieren (Prodcom 109210);Productievolume;Gemengd;;;;2;Vervaardiging van diervoeders (NACE 10.9);Voedingsindustrie;S091;MONBIO 4.0;2021;198524;198524;ton;1;hoofdstroom;"NACE 10.9; de bron gebruikte voor haar totalen de BFA-cijfers (Tabel 39) in plaats van deze tabel";FALSE;Vlaanderen;read in PDF;105;Tabel 40;;
C-393;Bier, productie van de leden van Belgische Brouwers (Belgie);Productievolume;Plantaardig - akkerbouw;Granen;;;3;Vervaardiging van dranken (NACE 11);Voedingsindustrie;S091;MONBIO 4.0;2021;2520349.33;24003327;hl;0.105;hoofdstroom;"de federatie vertegenwoordigt 95% van het Belgische productievolume; omrekening met het door de bron opgegeven soortelijk gewicht van 1.050 g/l (p.75)";FALSE;Belgie;read in PDF;106;Tabel 41;"afgerond '24 miljoen hl' in tekst p.106; variant van de 22.823.924 hl (Statbel) in dezelfde tabel";
C-394;Bier, totale Belgische productie volgens Statbel (Belgie);Productievolume;Plantaardig - akkerbouw;Granen;;;3;Vervaardiging van dranken (NACE 11);Voedingsindustrie;S091;MONBIO 4.0;2021;2396512.02;22823924;hl;0.105;hoofdstroom;"Statbel-cijfer; omrekening met het door de bron opgegeven soortelijk gewicht van 1.050 g/l (p.75)";FALSE;Belgie;read in PDF;106;Tabel 41;"afgerond '22,8 miljoen hl' in tekst p.106; ook in Tabel 42 (p.107); variant van de 24.003.327 hl van Belgische Brouwers";
C-395;Bier, Vlaamse productie;Productievolume;Plantaardig - akkerbouw;Granen;;;3;Vervaardiging van dranken (NACE 11);Voedingsindustrie;S091;MONBIO 4.0;2021;1823265.89;17364437;hl;0.105;hoofdstroom;"Vlaams aandeel 76% (exportratio); omrekening met het door de bron opgegeven soortelijk gewicht van 1.050 g/l (p.75)";FALSE;Vlaanderen;read in PDF;106;Tabel 41;"ook in Tabel 42 (p.107); afgerond '17,4 miljoen hl' in tekst p.106";
C-396;Mout (Prodcom 110610);Productievolume;Plantaardig - akkerbouw;Granen;;;3;Vervaardiging van dranken (NACE 11);Voedingsindustrie;S091;MONBIO 4.0;2021;1027663;1027663;ton;1;hoofdstroom;hoofdstroom van de mouterijen (in hoofdzaak gerst);FALSE;Vlaanderen;read in PDF;107;Tabel 42;ook in tekst p.106;
C-397;Bostel (brouwerijafval) en afvallen van branderijen (Prodcom 110520);Reststroom;Plantaardig - akkerbouw;Granen;;;3;Vervaardiging van dranken (NACE 11);Voedingsindustrie;S091;MONBIO 4.0;2021;134653;134653;ton;1;agri-food waste;"belangrijkste nevenstroom van het brouwproces; bron noemt het cijfer 'hoogstwaarschijnlijk een onderschatting of onderrapportering'";TRUE;Vlaanderen;read in PDF;107;Tabel 42;"afgerond 135 kton in Tabel 26 (p.76); de Belgische Prodcom-waarde is 176.989 ton (tekst p.106)";
