stream_code;parameter_code;value_type;value_num;value_min;value_max;sd;n_samples;unit_code;basis_code;method_code;value_origin;source_key;source_ref;year;reported_label;variant;restatement;flag;transcription;DECISION;notes
bostel;dry_matter;point;915;;;31;;g/kg;fresh;;measured;cvb-veevoedertabel-2023;CVB Veevoedertabel 2023, p. 105;2023;DS;Bierbostel, gedroogd (Bierbostel, gedroogd);no;;machine;;CVB gives dry matter per kg product
bostel;ash;point;46;;;5;;g/kg;fresh;;measured;cvb-veevoedertabel-2023;CVB Veevoedertabel 2023, p. 105;2023;RAS;Bierbostel, gedroogd (Bierbostel, gedroogd);no;;machine;;
bostel;crude_protein;point;248;;;32;;g/kg;fresh;;measured;cvb-veevoedertabel-2023;CVB Veevoedertabel 2023, p. 105;2023;RE;Bierbostel, gedroogd (Bierbostel, gedroogd);no;;machine;;CVB's RE, nitrogen times 6,25
bostel;fat_total;point;67;;;5;;g/kg;fresh;ee-diethyl;measured;cvb-veevoedertabel-2023;CVB Veevoedertabel 2023, p. 105;2023;RVET;Bierbostel, gedroogd (Bierbostel, gedroogd);no;;machine;;CVB's RVET
bostel;fat_total;point;70;;;2;;g/kg;fresh;ee-hcl;measured;cvb-veevoedertabel-2023;CVB Veevoedertabel 2023, p. 105;2023;RVETh;Bierbostel, gedroogd (Bierbostel, gedroogd);no;;machine;;CVB's RVETh, after acid hydrolysis
bostel;crude_fibre;point;132;;;16;;g/kg;fresh;;measured;cvb-veevoedertabel-2023;CVB Veevoedertabel 2023, p. 105;2023;RC;Bierbostel, gedroogd (Bierbostel, gedroogd);no;;machine;;
bostel;nfe;point;423;;;;;g/kg;fresh;;measured;cvb-veevoedertabel-2023;CVB Veevoedertabel 2023, p. 105;2023;OK;Bierbostel, gedroogd (Bierbostel, gedroogd);no;;machine;;CVB's OK, the Weende by-difference remainder
bostel;starch;point;49;;;25;;g/kg;fresh;starch-polarimetric;measured;cvb-veevoedertabel-2023;CVB Veevoedertabel 2023, p. 105;2023;ZETew;Bierbostel, gedroogd (Bierbostel, gedroogd);no;;machine;;CVB's ZETew, the Ewers method
bostel;starch;point;40;;;;;g/kg;fresh;starch-enzymatic;measured;cvb-veevoedertabel-2023;CVB Veevoedertabel 2023, p. 105;2023;ZETam;Bierbostel, gedroogd (Bierbostel, gedroogd);no;;machine;;CVB's ZETam, amyloglucosidase
bostel;total_sugars;point;9;;;;;g/kg;fresh;;measured;cvb-veevoedertabel-2023;CVB Veevoedertabel 2023, p. 105;2023;SUI;Bierbostel, gedroogd (Bierbostel, gedroogd);no;;machine;;
bostel;ndf;point;496;;;77;;g/kg;fresh;;measured;cvb-veevoedertabel-2023;CVB Veevoedertabel 2023, p. 105;2023;NDF;Bierbostel, gedroogd (Bierbostel, gedroogd);no;;machine;;
bostel;adf;point;199;;;;;g/kg;fresh;;measured;cvb-veevoedertabel-2023;CVB Veevoedertabel 2023, p. 105;2023;ADF;Bierbostel, gedroogd (Bierbostel, gedroogd);no;;machine;;
bostel;calcium;point;3.5;;;;;g/kg;fresh;;measured;cvb-veevoedertabel-2023;CVB Veevoedertabel 2023, p. 105;2023;Ca;Bierbostel, gedroogd (Bierbostel, gedroogd);no;;machine;;
bostel;phosphorus;point;4.6;;;;;g/kg;fresh;;measured;cvb-veevoedertabel-2023;CVB Veevoedertabel 2023, p. 105;2023;P;Bierbostel, gedroogd (Bierbostel, gedroogd);no;;machine;;
bostel;magnesium;point;1.8;;;;;g/kg;fresh;;measured;cvb-veevoedertabel-2023;CVB Veevoedertabel 2023, p. 105;2023;Mg;Bierbostel, gedroogd (Bierbostel, gedroogd);no;;machine;;
bostel;potassium;point;0.5;;;;;g/kg;fresh;;measured;cvb-veevoedertabel-2023;CVB Veevoedertabel 2023, p. 105;2023;K;Bierbostel, gedroogd (Bierbostel, gedroogd);no;;machine;;
bostel;sodium;point;0.1;;;;;g/kg;fresh;;measured;cvb-veevoedertabel-2023;CVB Veevoedertabel 2023, p. 105;2023;Na;Bierbostel, gedroogd (Bierbostel, gedroogd);no;;machine;;
bostel;chloride;point;0.1;;;;;g/kg;fresh;;measured;cvb-veevoedertabel-2023;CVB Veevoedertabel 2023, p. 105;2023;Cl;Bierbostel, gedroogd (Bierbostel, gedroogd);no;;machine;;
bostel;iron;point;253;;;;;mg/kg;fresh;;measured;cvb-veevoedertabel-2023;CVB Veevoedertabel 2023, p. 105;2023;Fe;Bierbostel, gedroogd (Bierbostel, gedroogd);no;;machine;;
bostel;manganese;point;39;;;;;mg/kg;fresh;;measured;cvb-veevoedertabel-2023;CVB Veevoedertabel 2023, p. 105;2023;Mn;Bierbostel, gedroogd (Bierbostel, gedroogd);no;;machine;;
bostel;zinc;point;66;;;33;;mg/kg;fresh;;measured;cvb-veevoedertabel-2023;CVB Veevoedertabel 2023, p. 105;2023;Zn;Bierbostel, gedroogd (Bierbostel, gedroogd);no;;machine;;
bostel;copper;point;20;;;3;;mg/kg;fresh;;measured;cvb-veevoedertabel-2023;CVB Veevoedertabel 2023, p. 105;2023;Cu;Bierbostel, gedroogd (Bierbostel, gedroogd);no;;machine;;
bostel;lysine;point;9.4;;;;;g/kg;fresh;;measured;cvb-veevoedertabel-2023;CVB Veevoedertabel 2023, p. 106;2023;lysine;Bierbostel, gedroogd (Bierbostel, gedroogd);no;;machine;;
bostel;methionine;point;4.7;;;;;g/kg;fresh;;measured;cvb-veevoedertabel-2023;CVB Veevoedertabel 2023, p. 106;2023;methionine;Bierbostel, gedroogd (Bierbostel, gedroogd);no;;machine;;
bostel;cystine;point;4.7;;;;;g/kg;fresh;;measured;cvb-veevoedertabel-2023;CVB Veevoedertabel 2023, p. 106;2023;cystine;Bierbostel, gedroogd (Bierbostel, gedroogd);no;;machine;;"CVB prints CYS - cystine, or cysteine plus half-cystine; the source does not say which"
bostel;threonine;point;9.2;;;;;g/kg;fresh;;measured;cvb-veevoedertabel-2023;CVB Veevoedertabel 2023, p. 106;2023;threonine;Bierbostel, gedroogd (Bierbostel, gedroogd);no;;machine;;
bostel;tryptophan;point;3.0;;;;;g/kg;fresh;;measured;cvb-veevoedertabel-2023;CVB Veevoedertabel 2023, p. 106;2023;tryptophan;Bierbostel, gedroogd (Bierbostel, gedroogd);no;;machine;;
bostel;isoleucine;point;9.9;;;;;g/kg;fresh;;measured;cvb-veevoedertabel-2023;CVB Veevoedertabel 2023, p. 106;2023;isoleucine;Bierbostel, gedroogd (Bierbostel, gedroogd);no;;machine;;
bostel;arginine;point;12.1;;;;;g/kg;fresh;;measured;cvb-veevoedertabel-2023;CVB Veevoedertabel 2023, p. 106;2023;arginine;Bierbostel, gedroogd (Bierbostel, gedroogd);no;;machine;;
bostel;phenylalanine;point;12.4;;;;;g/kg;fresh;;measured;cvb-veevoedertabel-2023;CVB Veevoedertabel 2023, p. 106;2023;phenylalanine;Bierbostel, gedroogd (Bierbostel, gedroogd);no;;machine;;
bostel;histidine;point;5.7;;;;;g/kg;fresh;;measured;cvb-veevoedertabel-2023;CVB Veevoedertabel 2023, p. 106;2023;histidine;Bierbostel, gedroogd (Bierbostel, gedroogd);no;;machine;;
bostel;leucine;point;19.6;;;;;g/kg;fresh;;measured;cvb-veevoedertabel-2023;CVB Veevoedertabel 2023, p. 106;2023;leucine;Bierbostel, gedroogd (Bierbostel, gedroogd);no;;machine;;
bostel;tyrosine;point;7.7;;;;;g/kg;fresh;;measured;cvb-veevoedertabel-2023;CVB Veevoedertabel 2023, p. 106;2023;tyrosine;Bierbostel, gedroogd (Bierbostel, gedroogd);no;;machine;;
bostel;valine;point;13.4;;;;;g/kg;fresh;;measured;cvb-veevoedertabel-2023;CVB Veevoedertabel 2023, p. 106;2023;valine;Bierbostel, gedroogd (Bierbostel, gedroogd);no;;machine;;
bostel;alanine;point;13.1;;;;;g/kg;fresh;;measured;cvb-veevoedertabel-2023;CVB Veevoedertabel 2023, p. 106;2023;alanine;Bierbostel, gedroogd (Bierbostel, gedroogd);no;;machine;;
bostel;aspartic_acid;point;16.8;;;;;g/kg;fresh;;measured;cvb-veevoedertabel-2023;CVB Veevoedertabel 2023, p. 106;2023;aspartic_acid;Bierbostel, gedroogd (Bierbostel, gedroogd);no;;machine;;CVB prints ASP - in a hydrolysate this is aspartic acid plus asparagine
bostel;glutamic_acid;point;45.6;;;;;g/kg;fresh;;measured;cvb-veevoedertabel-2023;CVB Veevoedertabel 2023, p. 106;2023;glutamic_acid;Bierbostel, gedroogd (Bierbostel, gedroogd);no;;machine;;CVB prints GLU - in a hydrolysate this is glutamic acid plus glutamine
bostel;glycine;point;9.9;;;;;g/kg;fresh;;measured;cvb-veevoedertabel-2023;CVB Veevoedertabel 2023, p. 106;2023;glycine;Bierbostel, gedroogd (Bierbostel, gedroogd);no;;machine;;
bostel;proline;point;22.0;;;;;g/kg;fresh;;measured;cvb-veevoedertabel-2023;CVB Veevoedertabel 2023, p. 106;2023;proline;Bierbostel, gedroogd (Bierbostel, gedroogd);no;;machine;;
bostel;serine;point;10.6;;;;;g/kg;fresh;;measured;cvb-veevoedertabel-2023;CVB Veevoedertabel 2023, p. 106;2023;serine;Bierbostel, gedroogd (Bierbostel, gedroogd);no;;machine;;
bostel;amino_acids_total;point;230;;;;;g/kg;fresh;;measured;cvb-veevoedertabel-2023;CVB Veevoedertabel 2023, p. 106;2023;amino_acids_total;Bierbostel, gedroogd (Bierbostel, gedroogd);no;;machine;;CVB's own sum of the amino acids it measured - not recomputed here
suikerbiet-pulp;dry_matter;point;893;;;5;;g/kg;fresh;;measured;cvb-veevoedertabel-2023;CVB Veevoedertabel 2023, p. 109;2023;DS;Bietenpulp, gedroogd-SUI < 100 g/kg (Bietenpulp, gedroogd - SUI < 100 g/kg);no;;machine;;CVB gives dry matter per kg product
suikerbiet-pulp;ash;point;61;;;17;;g/kg;fresh;;measured;cvb-veevoedertabel-2023;CVB Veevoedertabel 2023, p. 109;2023;RAS;Bietenpulp, gedroogd-SUI < 100 g/kg (Bietenpulp, gedroogd - SUI < 100 g/kg);no;;machine;;
suikerbiet-pulp;crude_protein;point;75;;;6;;g/kg;fresh;;measured;cvb-veevoedertabel-2023;CVB Veevoedertabel 2023, p. 109;2023;RE;Bietenpulp, gedroogd-SUI < 100 g/kg (Bietenpulp, gedroogd - SUI < 100 g/kg);no;;machine;;CVB's RE, nitrogen times 6,25
suikerbiet-pulp;fat_total;point;9;;;2;;g/kg;fresh;ee-diethyl;measured;cvb-veevoedertabel-2023;CVB Veevoedertabel 2023, p. 109;2023;RVET;Bietenpulp, gedroogd-SUI < 100 g/kg (Bietenpulp, gedroogd - SUI < 100 g/kg);no;;machine;;CVB's RVET
suikerbiet-pulp;fat_total;point;14;;;3;;g/kg;fresh;ee-hcl;measured;cvb-veevoedertabel-2023;CVB Veevoedertabel 2023, p. 109;2023;RVETh;Bietenpulp, gedroogd-SUI < 100 g/kg (Bietenpulp, gedroogd - SUI < 100 g/kg);no;;machine;;CVB's RVETh, after acid hydrolysis
suikerbiet-pulp;crude_fibre;point;175;;;8;;g/kg;fresh;;measured;cvb-veevoedertabel-2023;CVB Veevoedertabel 2023, p. 109;2023;RC;Bietenpulp, gedroogd-SUI < 100 g/kg (Bietenpulp, gedroogd - SUI < 100 g/kg);no;;machine;;
suikerbiet-pulp;nfe;point;573;;;;;g/kg;fresh;;measured;cvb-veevoedertabel-2023;CVB Veevoedertabel 2023, p. 109;2023;OK;Bietenpulp, gedroogd-SUI < 100 g/kg (Bietenpulp, gedroogd - SUI < 100 g/kg);no;;machine;;CVB's OK, the Weende by-difference remainder
suikerbiet-pulp;starch;point;7;;;;;g/kg;fresh;starch-enzymatic;measured;cvb-veevoedertabel-2023;CVB Veevoedertabel 2023, p. 109;2023;ZETam;Bietenpulp, gedroogd-SUI < 100 g/kg (Bietenpulp, gedroogd - SUI < 100 g/kg);no;;machine;;CVB's ZETam, amyloglucosidase
suikerbiet-pulp;total_sugars;point;68;;;11;;g/kg;fresh;;measured;cvb-veevoedertabel-2023;CVB Veevoedertabel 2023, p. 109;2023;SUI;Bietenpulp, gedroogd-SUI < 100 g/kg (Bietenpulp, gedroogd - SUI < 100 g/kg);no;;machine;;
suikerbiet-pulp;ndf;point;377;;;;;g/kg;fresh;;measured;cvb-veevoedertabel-2023;CVB Veevoedertabel 2023, p. 109;2023;NDF;Bietenpulp, gedroogd-SUI < 100 g/kg (Bietenpulp, gedroogd - SUI < 100 g/kg);no;;machine;;
suikerbiet-pulp;adf;point;200;;;;;g/kg;fresh;;measured;cvb-veevoedertabel-2023;CVB Veevoedertabel 2023, p. 109;2023;ADF;Bietenpulp, gedroogd-SUI < 100 g/kg (Bietenpulp, gedroogd - SUI < 100 g/kg);no;;machine;;
suikerbiet-pulp;lignin;point;11;;;;;g/kg;fresh;lignin-adl;measured;cvb-veevoedertabel-2023;CVB Veevoedertabel 2023, p. 109;2023;ADL;Bietenpulp, gedroogd-SUI < 100 g/kg (Bietenpulp, gedroogd - SUI < 100 g/kg);no;;machine;;
suikerbiet-pulp;calcium;point;9.9;;;1.9;;g/kg;fresh;;measured;cvb-veevoedertabel-2023;CVB Veevoedertabel 2023, p. 109;2023;Ca;Bietenpulp, gedroogd-SUI < 100 g/kg (Bietenpulp, gedroogd - SUI < 100 g/kg);no;;machine;;
suikerbiet-pulp;phosphorus;point;0.8;;;0.1;;g/kg;fresh;;measured;cvb-veevoedertabel-2023;CVB Veevoedertabel 2023, p. 109;2023;P;Bietenpulp, gedroogd-SUI < 100 g/kg (Bietenpulp, gedroogd - SUI < 100 g/kg);no;;machine;;
suikerbiet-pulp;magnesium;point;2.4;;;0.6;;g/kg;fresh;;measured;cvb-veevoedertabel-2023;CVB Veevoedertabel 2023, p. 109;2023;Mg;Bietenpulp, gedroogd-SUI < 100 g/kg (Bietenpulp, gedroogd - SUI < 100 g/kg);no;;machine;;
suikerbiet-pulp;potassium;point;4.0;;;1.4;;g/kg;fresh;;measured;cvb-veevoedertabel-2023;CVB Veevoedertabel 2023, p. 109;2023;K;Bietenpulp, gedroogd-SUI < 100 g/kg (Bietenpulp, gedroogd - SUI < 100 g/kg);no;;machine;;
suikerbiet-pulp;sodium;point;0.5;;;0.3;;g/kg;fresh;;measured;cvb-veevoedertabel-2023;CVB Veevoedertabel 2023, p. 109;2023;Na;Bietenpulp, gedroogd-SUI < 100 g/kg (Bietenpulp, gedroogd - SUI < 100 g/kg);no;;machine;;
suikerbiet-pulp;chloride;point;0.4;;;0.3;;g/kg;fresh;;measured;cvb-veevoedertabel-2023;CVB Veevoedertabel 2023, p. 109;2023;Cl;Bietenpulp, gedroogd-SUI < 100 g/kg (Bietenpulp, gedroogd - SUI < 100 g/kg);no;;machine;;
suikerbiet-pulp;iron;point;475;;;182;;mg/kg;fresh;;measured;cvb-veevoedertabel-2023;CVB Veevoedertabel 2023, p. 109;2023;Fe;Bietenpulp, gedroogd-SUI < 100 g/kg (Bietenpulp, gedroogd - SUI < 100 g/kg);no;;machine;;
suikerbiet-pulp;manganese;point;57;;;10;;mg/kg;fresh;;measured;cvb-veevoedertabel-2023;CVB Veevoedertabel 2023, p. 109;2023;Mn;Bietenpulp, gedroogd-SUI < 100 g/kg (Bietenpulp, gedroogd - SUI < 100 g/kg);no;;machine;;
suikerbiet-pulp;zinc;point;17;;;8;;mg/kg;fresh;;measured;cvb-veevoedertabel-2023;CVB Veevoedertabel 2023, p. 109;2023;Zn;Bietenpulp, gedroogd-SUI < 100 g/kg (Bietenpulp, gedroogd - SUI < 100 g/kg);no;;machine;;
suikerbiet-pulp;copper;point;5;;;1;;mg/kg;fresh;;measured;cvb-veevoedertabel-2023;CVB Veevoedertabel 2023, p. 109;2023;Cu;Bietenpulp, gedroogd-SUI < 100 g/kg (Bietenpulp, gedroogd - SUI < 100 g/kg);no;;machine;;
suikerbiet-pulp;lysine;point;4.2;;;;;g/kg;fresh;;measured;cvb-veevoedertabel-2023;CVB Veevoedertabel 2023, p. 110;2023;lysine;Bietenpulp, gedroogd-SUI < 100 g/kg (Bietenpulp, gedroogd - SUI < 100 g/kg);no;;machine;;
suikerbiet-pulp;methionine;point;1.2;;;;;g/kg;fresh;;measured;cvb-veevoedertabel-2023;CVB Veevoedertabel 2023, p. 110;2023;methionine;Bietenpulp, gedroogd-SUI < 100 g/kg (Bietenpulp, gedroogd - SUI < 100 g/kg);no;;machine;;
suikerbiet-pulp;cystine;point;1.1;;;;;g/kg;fresh;;measured;cvb-veevoedertabel-2023;CVB Veevoedertabel 2023, p. 110;2023;cystine;Bietenpulp, gedroogd-SUI < 100 g/kg (Bietenpulp, gedroogd - SUI < 100 g/kg);no;;machine;;"CVB prints CYS - cystine, or cysteine plus half-cystine; the source does not say which"
suikerbiet-pulp;threonine;point;3.8;;;;;g/kg;fresh;;measured;cvb-veevoedertabel-2023;CVB Veevoedertabel 2023, p. 110;2023;threonine;Bietenpulp, gedroogd-SUI < 100 g/kg (Bietenpulp, gedroogd - SUI < 100 g/kg);no;;machine;;
suikerbiet-pulp;tryptophan;point;0.8;;;;;g/kg;fresh;;measured;cvb-veevoedertabel-2023;CVB Veevoedertabel 2023, p. 110;2023;tryptophan;Bietenpulp, gedroogd-SUI < 100 g/kg (Bietenpulp, gedroogd - SUI < 100 g/kg);no;;machine;;
suikerbiet-pulp;isoleucine;point;2.8;;;;;g/kg;fresh;;measured;cvb-veevoedertabel-2023;CVB Veevoedertabel 2023, p. 110;2023;isoleucine;Bietenpulp, gedroogd-SUI < 100 g/kg (Bietenpulp, gedroogd - SUI < 100 g/kg);no;;machine;;
suikerbiet-pulp;arginine;point;3.5;;;;;g/kg;fresh;;measured;cvb-veevoedertabel-2023;CVB Veevoedertabel 2023, p. 110;2023;arginine;Bietenpulp, gedroogd-SUI < 100 g/kg (Bietenpulp, gedroogd - SUI < 100 g/kg);no;;machine;;
suikerbiet-pulp;phenylalanine;point;2.9;;;;;g/kg;fresh;;measured;cvb-veevoedertabel-2023;CVB Veevoedertabel 2023, p. 110;2023;phenylalanine;Bietenpulp, gedroogd-SUI < 100 g/kg (Bietenpulp, gedroogd - SUI < 100 g/kg);no;;machine;;
suikerbiet-pulp;histidine;point;2.4;;;;;g/kg;fresh;;measured;cvb-veevoedertabel-2023;CVB Veevoedertabel 2023, p. 110;2023;histidine;Bietenpulp, gedroogd-SUI < 100 g/kg (Bietenpulp, gedroogd - SUI < 100 g/kg);no;;machine;;
suikerbiet-pulp;leucine;point;4.7;;;;;g/kg;fresh;;measured;cvb-veevoedertabel-2023;CVB Veevoedertabel 2023, p. 110;2023;leucine;Bietenpulp, gedroogd-SUI < 100 g/kg (Bietenpulp, gedroogd - SUI < 100 g/kg);no;;machine;;
suikerbiet-pulp;tyrosine;point;3.8;;;;;g/kg;fresh;;measured;cvb-veevoedertabel-2023;CVB Veevoedertabel 2023, p. 110;2023;tyrosine;Bietenpulp, gedroogd-SUI < 100 g/kg (Bietenpulp, gedroogd - SUI < 100 g/kg);no;;machine;;
suikerbiet-pulp;valine;point;4.4;;;;;g/kg;fresh;;measured;cvb-veevoedertabel-2023;CVB Veevoedertabel 2023, p. 110;2023;valine;Bietenpulp, gedroogd-SUI < 100 g/kg (Bietenpulp, gedroogd - SUI < 100 g/kg);no;;machine;;
suikerbiet-pulp;alanine;point;3.6;;;;;g/kg;fresh;;measured;cvb-veevoedertabel-2023;CVB Veevoedertabel 2023, p. 110;2023;alanine;Bietenpulp, gedroogd-SUI < 100 g/kg (Bietenpulp, gedroogd - SUI < 100 g/kg);no;;machine;;
suikerbiet-pulp;aspartic_acid;point;6.7;;;;;g/kg;fresh;;measured;cvb-veevoedertabel-2023;CVB Veevoedertabel 2023, p. 110;2023;aspartic_acid;Bietenpulp, gedroogd-SUI < 100 g/kg (Bietenpulp, gedroogd - SUI < 100 g/kg);no;;machine;;CVB prints ASP - in a hydrolysate this is aspartic acid plus asparagine
suikerbiet-pulp;glutamic_acid;point;7.2;;;;;g/kg;fresh;;measured;cvb-veevoedertabel-2023;CVB Veevoedertabel 2023, p. 110;2023;glutamic_acid;Bietenpulp, gedroogd-SUI < 100 g/kg (Bietenpulp, gedroogd - SUI < 100 g/kg);no;;machine;;CVB prints GLU - in a hydrolysate this is glutamic acid plus glutamine
suikerbiet-pulp;glycine;point;3.2;;;;;g/kg;fresh;;measured;cvb-veevoedertabel-2023;CVB Veevoedertabel 2023, p. 110;2023;glycine;Bietenpulp, gedroogd-SUI < 100 g/kg (Bietenpulp, gedroogd - SUI < 100 g/kg);no;;machine;;
suikerbiet-pulp;proline;point;3.5;;;;;g/kg;fresh;;measured;cvb-veevoedertabel-2023;CVB Veevoedertabel 2023, p. 110;2023;proline;Bietenpulp, gedroogd-SUI < 100 g/kg (Bietenpulp, gedroogd - SUI < 100 g/kg);no;;machine;;
suikerbiet-pulp;serine;point;3.8;;;;;g/kg;fresh;;measured;cvb-veevoedertabel-2023;CVB Veevoedertabel 2023, p. 110;2023;serine;Bietenpulp, gedroogd-SUI < 100 g/kg (Bietenpulp, gedroogd - SUI < 100 g/kg);no;;machine;;
suikerbiet-pulp;amino_acids_total;point;63;;;;;g/kg;fresh;;measured;cvb-veevoedertabel-2023;CVB Veevoedertabel 2023, p. 110;2023;amino_acids_total;Bietenpulp, gedroogd-SUI < 100 g/kg (Bietenpulp, gedroogd - SUI < 100 g/kg);no;;machine;;CVB's own sum of the amino acids it measured - not recomputed here
lijnzaad-schroot;dry_matter;point;872;;;9;;g/kg;fresh;;measured;cvb-veevoedertabel-2023;CVB Veevoedertabel 2023, p. 213;2023;DS;Lijnzaadschroot (Lijnzaadschroot);no;;machine;;CVB gives dry matter per kg product
lijnzaad-schroot;ash;point;55;;;2;;g/kg;fresh;;measured;cvb-veevoedertabel-2023;CVB Veevoedertabel 2023, p. 213;2023;RAS;Lijnzaadschroot (Lijnzaadschroot);no;;machine;;
lijnzaad-schroot;crude_protein;point;320;;;16;;g/kg;fresh;;measured;cvb-veevoedertabel-2023;CVB Veevoedertabel 2023, p. 213;2023;RE;Lijnzaadschroot (Lijnzaadschroot);no;;machine;;CVB's RE, nitrogen times 6,25
lijnzaad-schroot;fat_total;point;30;;;6;;g/kg;fresh;ee-diethyl;measured;cvb-veevoedertabel-2023;CVB Veevoedertabel 2023, p. 213;2023;RVET;Lijnzaadschroot (Lijnzaadschroot);no;;machine;;CVB's RVET
lijnzaad-schroot;fat_total;point;39;;;;;g/kg;fresh;ee-hcl;measured;cvb-veevoedertabel-2023;CVB Veevoedertabel 2023, p. 213;2023;RVETh;Lijnzaadschroot (Lijnzaadschroot);no;;machine;;CVB's RVETh, after acid hydrolysis
lijnzaad-schroot;crude_fibre;point;96;;;8;;g/kg;fresh;;measured;cvb-veevoedertabel-2023;CVB Veevoedertabel 2023, p. 213;2023;RC;Lijnzaadschroot (Lijnzaadschroot);no;;machine;;
lijnzaad-schroot;nfe;point;371;;;;;g/kg;fresh;;measured;cvb-veevoedertabel-2023;CVB Veevoedertabel 2023, p. 213;2023;OK;Lijnzaadschroot (Lijnzaadschroot);no;;machine;;CVB's OK, the Weende by-difference remainder
lijnzaad-schroot;starch;point;35;;;;;g/kg;fresh;starch-enzymatic;measured;cvb-veevoedertabel-2023;CVB Veevoedertabel 2023, p. 213;2023;ZETam;Lijnzaadschroot (Lijnzaadschroot);no;;machine;;CVB's ZETam, amyloglucosidase
lijnzaad-schroot;total_sugars;point;43;;;;;g/kg;fresh;;measured;cvb-veevoedertabel-2023;CVB Veevoedertabel 2023, p. 213;2023;SUI;Lijnzaadschroot (Lijnzaadschroot);no;;machine;;
lijnzaad-schroot;ndf;point;219;;;;;g/kg;fresh;;measured;cvb-veevoedertabel-2023;CVB Veevoedertabel 2023, p. 213;2023;NDF;Lijnzaadschroot (Lijnzaadschroot);no;;machine;;
lijnzaad-schroot;adf;point;130;;;;;g/kg;fresh;;measured;cvb-veevoedertabel-2023;CVB Veevoedertabel 2023, p. 213;2023;ADF;Lijnzaadschroot (Lijnzaadschroot);no;;machine;;
lijnzaad-schroot;lignin;point;42;;;;;g/kg;fresh;lignin-adl;measured;cvb-veevoedertabel-2023;CVB Veevoedertabel 2023, p. 213;2023;ADL;Lijnzaadschroot (Lijnzaadschroot);no;;machine;;
lijnzaad-schroot;calcium;point;3.1;;;;;g/kg;fresh;;measured;cvb-veevoedertabel-2023;CVB Veevoedertabel 2023, p. 213;2023;Ca;Lijnzaadschroot (Lijnzaadschroot);no;;machine;;
lijnzaad-schroot;phosphorus;point;8.4;;;;;g/kg;fresh;;measured;cvb-veevoedertabel-2023;CVB Veevoedertabel 2023, p. 213;2023;P;Lijnzaadschroot (Lijnzaadschroot);no;;machine;;
lijnzaad-schroot;magnesium;point;4.5;;;;;g/kg;fresh;;measured;cvb-veevoedertabel-2023;CVB Veevoedertabel 2023, p. 213;2023;Mg;Lijnzaadschroot (Lijnzaadschroot);no;;machine;;
lijnzaad-schroot;potassium;point;10.9;;;;;g/kg;fresh;;measured;cvb-veevoedertabel-2023;CVB Veevoedertabel 2023, p. 213;2023;K;Lijnzaadschroot (Lijnzaadschroot);no;;machine;;
lijnzaad-schroot;sodium;point;0.8;;;;;g/kg;fresh;;measured;cvb-veevoedertabel-2023;CVB Veevoedertabel 2023, p. 213;2023;Na;Lijnzaadschroot (Lijnzaadschroot);no;;machine;;
lijnzaad-schroot;chloride;point;1.1;;;;;g/kg;fresh;;measured;cvb-veevoedertabel-2023;CVB Veevoedertabel 2023, p. 213;2023;Cl;Lijnzaadschroot (Lijnzaadschroot);no;;machine;;
lijnzaad-schroot;iron;point;195;;;;;mg/kg;fresh;;measured;cvb-veevoedertabel-2023;CVB Veevoedertabel 2023, p. 213;2023;Fe;Lijnzaadschroot (Lijnzaadschroot);no;;machine;;
lijnzaad-schroot;manganese;point;42;;;;;mg/kg;fresh;;measured;cvb-veevoedertabel-2023;CVB Veevoedertabel 2023, p. 213;2023;Mn;Lijnzaadschroot (Lijnzaadschroot);no;;machine;;
lijnzaad-schroot;zinc;point;63;;;;;mg/kg;fresh;;measured;cvb-veevoedertabel-2023;CVB Veevoedertabel 2023, p. 213;2023;Zn;Lijnzaadschroot (Lijnzaadschroot);no;;machine;;
lijnzaad-schroot;copper;point;17;;;;;mg/kg;fresh;;measured;cvb-veevoedertabel-2023;CVB Veevoedertabel 2023, p. 213;2023;Cu;Lijnzaadschroot (Lijnzaadschroot);no;;machine;;
lijnzaad-schroot;lysine;point;11.8;;;;;g/kg;fresh;;measured;cvb-veevoedertabel-2023;CVB Veevoedertabel 2023, p. 214;2023;lysine;Lijnzaadschroot (Lijnzaadschroot);no;;machine;;
lijnzaad-schroot;methionine;point;6.1;;;;;g/kg;fresh;;measured;cvb-veevoedertabel-2023;CVB Veevoedertabel 2023, p. 214;2023;methionine;Lijnzaadschroot (Lijnzaadschroot);no;;machine;;
lijnzaad-schroot;cystine;point;5.8;;;;;g/kg;fresh;;measured;cvb-veevoedertabel-2023;CVB Veevoedertabel 2023, p. 214;2023;cystine;Lijnzaadschroot (Lijnzaadschroot);no;;machine;;"CVB prints CYS - cystine, or cysteine plus half-cystine; the source does not say which"
lijnzaad-schroot;threonine;point;11.5;;;;;g/kg;fresh;;measured;cvb-veevoedertabel-2023;CVB Veevoedertabel 2023, p. 214;2023;threonine;Lijnzaadschroot (Lijnzaadschroot);no;;machine;;
lijnzaad-schroot;tryptophan;point;5.1;;;;;g/kg;fresh;;measured;cvb-veevoedertabel-2023;CVB Veevoedertabel 2023, p. 214;2023;tryptophan;Lijnzaadschroot (Lijnzaadschroot);no;;machine;;
lijnzaad-schroot;isoleucine;point;12.8;;;;;g/kg;fresh;;measured;cvb-veevoedertabel-2023;CVB Veevoedertabel 2023, p. 214;2023;isoleucine;Lijnzaadschroot (Lijnzaadschroot);no;;machine;;
lijnzaad-schroot;arginine;point;28.5;;;;;g/kg;fresh;;measured;cvb-veevoedertabel-2023;CVB Veevoedertabel 2023, p. 214;2023;arginine;Lijnzaadschroot (Lijnzaadschroot);no;;machine;;
lijnzaad-schroot;phenylalanine;point;14.7;;;;;g/kg;fresh;;measured;cvb-veevoedertabel-2023;CVB Veevoedertabel 2023, p. 214;2023;phenylalanine;Lijnzaadschroot (Lijnzaadschroot);no;;machine;;
lijnzaad-schroot;histidine;point;7.0;;;;;g/kg;fresh;;measured;cvb-veevoedertabel-2023;CVB Veevoedertabel 2023, p. 214;2023;histidine;Lijnzaadschroot (Lijnzaadschroot);no;;machine;;
lijnzaad-schroot;leucine;point;18.9;;;;;g/kg;fresh;;measured;cvb-veevoedertabel-2023;CVB Veevoedertabel 2023, p. 214;2023;leucine;Lijnzaadschroot (Lijnzaadschroot);no;;machine;;
lijnzaad-schroot;tyrosine;point;8.0;;;;;g/kg;fresh;;measured;cvb-veevoedertabel-2023;CVB Veevoedertabel 2023, p. 214;2023;tyrosine;Lijnzaadschroot (Lijnzaadschroot);no;;machine;;
lijnzaad-schroot;valine;point;15.7;;;;;g/kg;fresh;;measured;cvb-veevoedertabel-2023;CVB Veevoedertabel 2023, p. 214;2023;valine;Lijnzaadschroot (Lijnzaadschroot);no;;machine;;
lijnzaad-schroot;alanine;point;14.4;;;;;g/kg;fresh;;measured;cvb-veevoedertabel-2023;CVB Veevoedertabel 2023, p. 214;2023;alanine;Lijnzaadschroot (Lijnzaadschroot);no;;machine;;
lijnzaad-schroot;aspartic_acid;point;29.1;;;;;g/kg;fresh;;measured;cvb-veevoedertabel-2023;CVB Veevoedertabel 2023, p. 214;2023;aspartic_acid;Lijnzaadschroot (Lijnzaadschroot);no;;machine;;CVB prints ASP - in a hydrolysate this is aspartic acid plus asparagine
lijnzaad-schroot;glutamic_acid;point;60.2;;;;;g/kg;fresh;;measured;cvb-veevoedertabel-2023;CVB Veevoedertabel 2023, p. 214;2023;glutamic_acid;Lijnzaadschroot (Lijnzaadschroot);no;;machine;;CVB prints GLU - in a hydrolysate this is glutamic acid plus glutamine
lijnzaad-schroot;glycine;point;18.2;;;;;g/kg;fresh;;measured;cvb-veevoedertabel-2023;CVB Veevoedertabel 2023, p. 214;2023;glycine;Lijnzaadschroot (Lijnzaadschroot);no;;machine;;
lijnzaad-schroot;proline;point;12.5;;;;;g/kg;fresh;;measured;cvb-veevoedertabel-2023;CVB Veevoedertabel 2023, p. 214;2023;proline;Lijnzaadschroot (Lijnzaadschroot);no;;machine;;
lijnzaad-schroot;serine;point;14.4;;;;;g/kg;fresh;;measured;cvb-veevoedertabel-2023;CVB Veevoedertabel 2023, p. 214;2023;serine;Lijnzaadschroot (Lijnzaadschroot);no;;machine;;
lijnzaad-schroot;amino_acids_total;point;295;;;;;g/kg;fresh;;measured;cvb-veevoedertabel-2023;CVB Veevoedertabel 2023, p. 214;2023;amino_acids_total;Lijnzaadschroot (Lijnzaadschroot);no;;machine;;CVB's own sum of the amino acids it measured - not recomputed here
raapzaad-schroot;dry_matter;point;882;;;6;;g/kg;fresh;;measured;cvb-veevoedertabel-2023;CVB Veevoedertabel 2023, p. 301;2023;DS;Raapzaadschroot-RE < 370 g/kg (Raapzaadschroot - RE < 370 g/kg);no;;machine;;CVB gives dry matter per kg product
raapzaad-schroot;ash;point;69;;;4;;g/kg;fresh;;measured;cvb-veevoedertabel-2023;CVB Veevoedertabel 2023, p. 301;2023;RAS;Raapzaadschroot-RE < 370 g/kg (Raapzaadschroot - RE < 370 g/kg);no;;machine;;
raapzaad-schroot;crude_protein;point;339;;;13;;g/kg;fresh;;measured;cvb-veevoedertabel-2023;CVB Veevoedertabel 2023, p. 301;2023;RE;Raapzaadschroot-RE < 370 g/kg (Raapzaadschroot - RE < 370 g/kg);no;;machine;;CVB's RE, nitrogen times 6,25
raapzaad-schroot;fat_total;point;28;;;6;;g/kg;fresh;ee-diethyl;measured;cvb-veevoedertabel-2023;CVB Veevoedertabel 2023, p. 301;2023;RVET;Raapzaadschroot-RE < 370 g/kg (Raapzaadschroot - RE < 370 g/kg);no;;machine;;CVB's RVET
raapzaad-schroot;fat_total;point;39;;;4;;g/kg;fresh;ee-hcl;measured;cvb-veevoedertabel-2023;CVB Veevoedertabel 2023, p. 301;2023;RVETh;Raapzaadschroot-RE < 370 g/kg (Raapzaadschroot - RE < 370 g/kg);no;;machine;;CVB's RVETh, after acid hydrolysis
raapzaad-schroot;crude_fibre;point;125;;;9;;g/kg;fresh;;measured;cvb-veevoedertabel-2023;CVB Veevoedertabel 2023, p. 301;2023;RC;Raapzaadschroot-RE < 370 g/kg (Raapzaadschroot - RE < 370 g/kg);no;;machine;;
raapzaad-schroot;nfe;point;321;;;;;g/kg;fresh;;measured;cvb-veevoedertabel-2023;CVB Veevoedertabel 2023, p. 301;2023;OK;Raapzaadschroot-RE < 370 g/kg (Raapzaadschroot - RE < 370 g/kg);no;;machine;;CVB's OK, the Weende by-difference remainder
raapzaad-schroot;starch;point;67;;;4;;g/kg;fresh;starch-polarimetric;measured;cvb-veevoedertabel-2023;CVB Veevoedertabel 2023, p. 301;2023;ZETew;Raapzaadschroot-RE < 370 g/kg (Raapzaadschroot - RE < 370 g/kg);no;;machine;;CVB's ZETew, the Ewers method
raapzaad-schroot;starch;point;8;;;;;g/kg;fresh;starch-enzymatic;measured;cvb-veevoedertabel-2023;CVB Veevoedertabel 2023, p. 301;2023;ZETam;Raapzaadschroot-RE < 370 g/kg (Raapzaadschroot - RE < 370 g/kg);no;;machine;;CVB's ZETam, amyloglucosidase
raapzaad-schroot;total_sugars;point;85;;;7;;g/kg;fresh;;measured;cvb-veevoedertabel-2023;CVB Veevoedertabel 2023, p. 301;2023;SUI;Raapzaadschroot-RE < 370 g/kg (Raapzaadschroot - RE < 370 g/kg);no;;machine;;
raapzaad-schroot;ndf;point;255;;;26;;g/kg;fresh;;measured;cvb-veevoedertabel-2023;CVB Veevoedertabel 2023, p. 301;2023;NDF;Raapzaadschroot-RE < 370 g/kg (Raapzaadschroot - RE < 370 g/kg);no;;machine;;
raapzaad-schroot;adf;point;193;;;;;g/kg;fresh;;measured;cvb-veevoedertabel-2023;CVB Veevoedertabel 2023, p. 301;2023;ADF;Raapzaadschroot-RE < 370 g/kg (Raapzaadschroot - RE < 370 g/kg);no;;machine;;
raapzaad-schroot;lignin;point;76;;;;;g/kg;fresh;lignin-adl;measured;cvb-veevoedertabel-2023;CVB Veevoedertabel 2023, p. 301;2023;ADL;Raapzaadschroot-RE < 370 g/kg (Raapzaadschroot - RE < 370 g/kg);no;;machine;;
raapzaad-schroot;calcium;point;7.5;;;0.8;;g/kg;fresh;;measured;cvb-veevoedertabel-2023;CVB Veevoedertabel 2023, p. 301;2023;Ca;Raapzaadschroot-RE < 370 g/kg (Raapzaadschroot - RE < 370 g/kg);no;;machine;;
raapzaad-schroot;phosphorus;point;10.5;;;0.6;;g/kg;fresh;;measured;cvb-veevoedertabel-2023;CVB Veevoedertabel 2023, p. 301;2023;P;Raapzaadschroot-RE < 370 g/kg (Raapzaadschroot - RE < 370 g/kg);no;;machine;;
raapzaad-schroot;magnesium;point;4.1;;;0.3;;g/kg;fresh;;measured;cvb-veevoedertabel-2023;CVB Veevoedertabel 2023, p. 301;2023;Mg;Raapzaadschroot-RE < 370 g/kg (Raapzaadschroot - RE < 370 g/kg);no;;machine;;
raapzaad-schroot;potassium;point;12.2;;;0.7;;g/kg;fresh;;measured;cvb-veevoedertabel-2023;CVB Veevoedertabel 2023, p. 301;2023;K;Raapzaadschroot-RE < 370 g/kg (Raapzaadschroot - RE < 370 g/kg);no;;machine;;
raapzaad-schroot;sodium;point;0.8;;;0.6;;g/kg;fresh;;measured;cvb-veevoedertabel-2023;CVB Veevoedertabel 2023, p. 301;2023;Na;Raapzaadschroot-RE < 370 g/kg (Raapzaadschroot - RE < 370 g/kg);no;;machine;;
raapzaad-schroot;chloride;point;0.4;;;0.3;;g/kg;fresh;;measured;cvb-veevoedertabel-2023;CVB Veevoedertabel 2023, p. 301;2023;Cl;Raapzaadschroot-RE < 370 g/kg (Raapzaadschroot - RE < 370 g/kg);no;;machine;;
raapzaad-schroot;iron;point;355;;;326;;mg/kg;fresh;;measured;cvb-veevoedertabel-2023;CVB Veevoedertabel 2023, p. 301;2023;Fe;Raapzaadschroot-RE < 370 g/kg (Raapzaadschroot - RE < 370 g/kg);no;;machine;;
raapzaad-schroot;manganese;point;70;;;10;;mg/kg;fresh;;measured;cvb-veevoedertabel-2023;CVB Veevoedertabel 2023, p. 301;2023;Mn;Raapzaadschroot-RE < 370 g/kg (Raapzaadschroot - RE < 370 g/kg);no;;machine;;
raapzaad-schroot;zinc;point;60;;;5;;mg/kg;fresh;;measured;cvb-veevoedertabel-2023;CVB Veevoedertabel 2023, p. 301;2023;Zn;Raapzaadschroot-RE < 370 g/kg (Raapzaadschroot - RE < 370 g/kg);no;;machine;;
raapzaad-schroot;copper;point;5;;;1;;mg/kg;fresh;;measured;cvb-veevoedertabel-2023;CVB Veevoedertabel 2023, p. 301;2023;Cu;Raapzaadschroot-RE < 370 g/kg (Raapzaadschroot - RE < 370 g/kg);no;;machine;;
raapzaad-schroot;lysine;point;18.6;;;;;g/kg;fresh;;measured;cvb-veevoedertabel-2023;CVB Veevoedertabel 2023, p. 302;2023;lysine;Raapzaadschroot-RE < 370 g/kg (Raapzaadschroot - RE < 370 g/kg);no;;machine;;
raapzaad-schroot;methionine;point;6.8;;;;;g/kg;fresh;;measured;cvb-veevoedertabel-2023;CVB Veevoedertabel 2023, p. 302;2023;methionine;Raapzaadschroot-RE < 370 g/kg (Raapzaadschroot - RE < 370 g/kg);no;;machine;;
raapzaad-schroot;cystine;point;8.5;;;;;g/kg;fresh;;measured;cvb-veevoedertabel-2023;CVB Veevoedertabel 2023, p. 302;2023;cystine;Raapzaadschroot-RE < 370 g/kg (Raapzaadschroot - RE < 370 g/kg);no;;machine;;"CVB prints CYS - cystine, or cysteine plus half-cystine; the source does not say which"
raapzaad-schroot;threonine;point;14.9;;;;;g/kg;fresh;;measured;cvb-veevoedertabel-2023;CVB Veevoedertabel 2023, p. 302;2023;threonine;Raapzaadschroot-RE < 370 g/kg (Raapzaadschroot - RE < 370 g/kg);no;;machine;;
raapzaad-schroot;tryptophan;point;4.4;;;;;g/kg;fresh;;measured;cvb-veevoedertabel-2023;CVB Veevoedertabel 2023, p. 302;2023;tryptophan;Raapzaadschroot-RE < 370 g/kg (Raapzaadschroot - RE < 370 g/kg);no;;machine;;
raapzaad-schroot;isoleucine;point;13.2;;;;;g/kg;fresh;;measured;cvb-veevoedertabel-2023;CVB Veevoedertabel 2023, p. 302;2023;isoleucine;Raapzaadschroot-RE < 370 g/kg (Raapzaadschroot - RE < 370 g/kg);no;;machine;;
raapzaad-schroot;arginine;point;20.7;;;;;g/kg;fresh;;measured;cvb-veevoedertabel-2023;CVB Veevoedertabel 2023, p. 302;2023;arginine;Raapzaadschroot-RE < 370 g/kg (Raapzaadschroot - RE < 370 g/kg);no;;machine;;
raapzaad-schroot;phenylalanine;point;13.9;;;;;g/kg;fresh;;measured;cvb-veevoedertabel-2023;CVB Veevoedertabel 2023, p. 302;2023;phenylalanine;Raapzaadschroot-RE < 370 g/kg (Raapzaadschroot - RE < 370 g/kg);no;;machine;;
raapzaad-schroot;histidine;point;9.5;;;;;g/kg;fresh;;measured;cvb-veevoedertabel-2023;CVB Veevoedertabel 2023, p. 302;2023;histidine;Raapzaadschroot-RE < 370 g/kg (Raapzaadschroot - RE < 370 g/kg);no;;machine;;
raapzaad-schroot;leucine;point;23.7;;;;;g/kg;fresh;;measured;cvb-veevoedertabel-2023;CVB Veevoedertabel 2023, p. 302;2023;leucine;Raapzaadschroot-RE < 370 g/kg (Raapzaadschroot - RE < 370 g/kg);no;;machine;;
raapzaad-schroot;tyrosine;point;10.5;;;;;g/kg;fresh;;measured;cvb-veevoedertabel-2023;CVB Veevoedertabel 2023, p. 302;2023;tyrosine;Raapzaadschroot-RE < 370 g/kg (Raapzaadschroot - RE < 370 g/kg);no;;machine;;
raapzaad-schroot;valine;point;17.3;;;;;g/kg;fresh;;measured;cvb-veevoedertabel-2023;CVB Veevoedertabel 2023, p. 302;2023;valine;Raapzaadschroot-RE < 370 g/kg (Raapzaadschroot - RE < 370 g/kg);no;;machine;;
raapzaad-schroot;alanine;point;15.2;;;;;g/kg;fresh;;measured;cvb-veevoedertabel-2023;CVB Veevoedertabel 2023, p. 302;2023;alanine;Raapzaadschroot-RE < 370 g/kg (Raapzaadschroot - RE < 370 g/kg);no;;machine;;
raapzaad-schroot;aspartic_acid;point;25.4;;;;;g/kg;fresh;;measured;cvb-veevoedertabel-2023;CVB Veevoedertabel 2023, p. 302;2023;aspartic_acid;Raapzaadschroot-RE < 370 g/kg (Raapzaadschroot - RE < 370 g/kg);no;;machine;;CVB prints ASP - in a hydrolysate this is aspartic acid plus asparagine
raapzaad-schroot;glutamic_acid;point;57.3;;;;;g/kg;fresh;;measured;cvb-veevoedertabel-2023;CVB Veevoedertabel 2023, p. 302;2023;glutamic_acid;Raapzaadschroot-RE < 370 g/kg (Raapzaadschroot - RE < 370 g/kg);no;;machine;;CVB prints GLU - in a hydrolysate this is glutamic acid plus glutamine
raapzaad-schroot;glycine;point;17.6;;;;;g/kg;fresh;;measured;cvb-veevoedertabel-2023;CVB Veevoedertabel 2023, p. 302;2023;glycine;Raapzaadschroot-RE < 370 g/kg (Raapzaadschroot - RE < 370 g/kg);no;;machine;;
raapzaad-schroot;proline;point;20.3;;;;;g/kg;fresh;;measured;cvb-veevoedertabel-2023;CVB Veevoedertabel 2023, p. 302;2023;proline;Raapzaadschroot-RE < 370 g/kg (Raapzaadschroot - RE < 370 g/kg);no;;machine;;
raapzaad-schroot;serine;point;14.9;;;;;g/kg;fresh;;measured;cvb-veevoedertabel-2023;CVB Veevoedertabel 2023, p. 302;2023;serine;Raapzaadschroot-RE < 370 g/kg (Raapzaadschroot - RE < 370 g/kg);no;;machine;;
raapzaad-schroot;amino_acids_total;point;313;;;;;g/kg;fresh;;measured;cvb-veevoedertabel-2023;CVB Veevoedertabel 2023, p. 302;2023;amino_acids_total;Raapzaadschroot-RE < 370 g/kg (Raapzaadschroot - RE < 370 g/kg);no;;machine;;CVB's own sum of the amino acids it measured - not recomputed here
raapzaad-schroot;dry_matter;point;897;;;17;;g/kg;fresh;;measured;cvb-veevoedertabel-2023;CVB Veevoedertabel 2023, p. 303;2023;DS;Raapzaadschroot-RE > 370 g/kg (Raapzaadschroot - RE > 370 g/kg);no;;machine;;CVB gives dry matter per kg product
raapzaad-schroot;ash;point;80;;;9;;g/kg;fresh;;measured;cvb-veevoedertabel-2023;CVB Veevoedertabel 2023, p. 303;2023;RAS;Raapzaadschroot-RE > 370 g/kg (Raapzaadschroot - RE > 370 g/kg);no;;machine;;
raapzaad-schroot;crude_protein;point;383;;;5;;g/kg;fresh;;measured;cvb-veevoedertabel-2023;CVB Veevoedertabel 2023, p. 303;2023;RE;Raapzaadschroot-RE > 370 g/kg (Raapzaadschroot - RE > 370 g/kg);no;;machine;;CVB's RE, nitrogen times 6,25
raapzaad-schroot;fat_total;point;18;;;8;;g/kg;fresh;ee-diethyl;measured;cvb-veevoedertabel-2023;CVB Veevoedertabel 2023, p. 303;2023;RVET;Raapzaadschroot-RE > 370 g/kg (Raapzaadschroot - RE > 370 g/kg);no;;machine;;CVB's RVET
raapzaad-schroot;fat_total;point;30;;;;;g/kg;fresh;ee-hcl;measured;cvb-veevoedertabel-2023;CVB Veevoedertabel 2023, p. 303;2023;RVETh;Raapzaadschroot-RE > 370 g/kg (Raapzaadschroot - RE > 370 g/kg);no;;machine;;CVB's RVETh, after acid hydrolysis
raapzaad-schroot;crude_fibre;point;115;;;13;;g/kg;fresh;;measured;cvb-veevoedertabel-2023;CVB Veevoedertabel 2023, p. 303;2023;RC;Raapzaadschroot-RE > 370 g/kg (Raapzaadschroot - RE > 370 g/kg);no;;machine;;
raapzaad-schroot;nfe;point;301;;;;;g/kg;fresh;;measured;cvb-veevoedertabel-2023;CVB Veevoedertabel 2023, p. 303;2023;OK;Raapzaadschroot-RE > 370 g/kg (Raapzaadschroot - RE > 370 g/kg);no;;machine;;CVB's OK, the Weende by-difference remainder
raapzaad-schroot;starch;point;11;;;;;g/kg;fresh;starch-enzymatic;measured;cvb-veevoedertabel-2023;CVB Veevoedertabel 2023, p. 303;2023;ZETam;Raapzaadschroot-RE > 370 g/kg (Raapzaadschroot - RE > 370 g/kg);no;;machine;;CVB's ZETam, amyloglucosidase
raapzaad-schroot;total_sugars;point;88;;;;;g/kg;fresh;;measured;cvb-veevoedertabel-2023;CVB Veevoedertabel 2023, p. 303;2023;SUI;Raapzaadschroot-RE > 370 g/kg (Raapzaadschroot - RE > 370 g/kg);no;;machine;;
raapzaad-schroot;ndf;point;233;;;;;g/kg;fresh;;measured;cvb-veevoedertabel-2023;CVB Veevoedertabel 2023, p. 303;2023;NDF;Raapzaadschroot-RE > 370 g/kg (Raapzaadschroot - RE > 370 g/kg);no;;machine;;
raapzaad-schroot;adf;point;178;;;;;g/kg;fresh;;measured;cvb-veevoedertabel-2023;CVB Veevoedertabel 2023, p. 303;2023;ADF;Raapzaadschroot-RE > 370 g/kg (Raapzaadschroot - RE > 370 g/kg);no;;machine;;
raapzaad-schroot;lignin;point;70;;;;;g/kg;fresh;lignin-adl;measured;cvb-veevoedertabel-2023;CVB Veevoedertabel 2023, p. 303;2023;ADL;Raapzaadschroot-RE > 370 g/kg (Raapzaadschroot - RE > 370 g/kg);no;;machine;;
raapzaad-schroot;calcium;point;7.1;;;;;g/kg;fresh;;measured;cvb-veevoedertabel-2023;CVB Veevoedertabel 2023, p. 303;2023;Ca;Raapzaadschroot-RE > 370 g/kg (Raapzaadschroot - RE > 370 g/kg);no;;machine;;
raapzaad-schroot;phosphorus;point;10.6;;;;;g/kg;fresh;;measured;cvb-veevoedertabel-2023;CVB Veevoedertabel 2023, p. 303;2023;P;Raapzaadschroot-RE > 370 g/kg (Raapzaadschroot - RE > 370 g/kg);no;;machine;;
raapzaad-schroot;magnesium;point;4.0;;;;;g/kg;fresh;;measured;cvb-veevoedertabel-2023;CVB Veevoedertabel 2023, p. 303;2023;Mg;Raapzaadschroot-RE > 370 g/kg (Raapzaadschroot - RE > 370 g/kg);no;;machine;;
raapzaad-schroot;potassium;point;12.5;;;;;g/kg;fresh;;measured;cvb-veevoedertabel-2023;CVB Veevoedertabel 2023, p. 303;2023;K;Raapzaadschroot-RE > 370 g/kg (Raapzaadschroot - RE > 370 g/kg);no;;machine;;
raapzaad-schroot;sodium;point;0.1;;;;;g/kg;fresh;;measured;cvb-veevoedertabel-2023;CVB Veevoedertabel 2023, p. 303;2023;Na;Raapzaadschroot-RE > 370 g/kg (Raapzaadschroot - RE > 370 g/kg);no;;machine;;
raapzaad-schroot;chloride;point;0.4;;;;;g/kg;fresh;;measured;cvb-veevoedertabel-2023;CVB Veevoedertabel 2023, p. 303;2023;Cl;Raapzaadschroot-RE > 370 g/kg (Raapzaadschroot - RE > 370 g/kg);no;;machine;;
raapzaad-schroot;iron;point;373;;;;;mg/kg;fresh;;measured;cvb-veevoedertabel-2023;CVB Veevoedertabel 2023, p. 303;2023;Fe;Raapzaadschroot-RE > 370 g/kg (Raapzaadschroot - RE > 370 g/kg);no;;machine;;
raapzaad-schroot;manganese;point;72;;;;;mg/kg;fresh;;measured;cvb-veevoedertabel-2023;CVB Veevoedertabel 2023, p. 303;2023;Mn;Raapzaadschroot-RE > 370 g/kg (Raapzaadschroot - RE > 370 g/kg);no;;machine;;
raapzaad-schroot;zinc;point;76;;;;;mg/kg;fresh;;measured;cvb-veevoedertabel-2023;CVB Veevoedertabel 2023, p. 303;2023;Zn;Raapzaadschroot-RE > 370 g/kg (Raapzaadschroot - RE > 370 g/kg);no;;machine;;
raapzaad-schroot;copper;point;7;;;;;mg/kg;fresh;;measured;cvb-veevoedertabel-2023;CVB Veevoedertabel 2023, p. 303;2023;Cu;Raapzaadschroot-RE > 370 g/kg (Raapzaadschroot - RE > 370 g/kg);no;;machine;;
raapzaad-schroot;lysine;point;21.1;;;;;g/kg;fresh;;measured;cvb-veevoedertabel-2023;CVB Veevoedertabel 2023, p. 304;2023;lysine;Raapzaadschroot-RE > 370 g/kg (Raapzaadschroot - RE > 370 g/kg);no;;machine;;
raapzaad-schroot;methionine;point;7.7;;;;;g/kg;fresh;;measured;cvb-veevoedertabel-2023;CVB Veevoedertabel 2023, p. 304;2023;methionine;Raapzaadschroot-RE > 370 g/kg (Raapzaadschroot - RE > 370 g/kg);no;;machine;;
raapzaad-schroot;cystine;point;9.6;;;;;g/kg;fresh;;measured;cvb-veevoedertabel-2023;CVB Veevoedertabel 2023, p. 304;2023;cystine;Raapzaadschroot-RE > 370 g/kg (Raapzaadschroot - RE > 370 g/kg);no;;machine;;"CVB prints CYS - cystine, or cysteine plus half-cystine; the source does not say which"
raapzaad-schroot;threonine;point;16.9;;;;;g/kg;fresh;;measured;cvb-veevoedertabel-2023;CVB Veevoedertabel 2023, p. 304;2023;threonine;Raapzaadschroot-RE > 370 g/kg (Raapzaadschroot - RE > 370 g/kg);no;;machine;;
raapzaad-schroot;tryptophan;point;5.0;;;;;g/kg;fresh;;measured;cvb-veevoedertabel-2023;CVB Veevoedertabel 2023, p. 304;2023;tryptophan;Raapzaadschroot-RE > 370 g/kg (Raapzaadschroot - RE > 370 g/kg);no;;machine;;
raapzaad-schroot;isoleucine;point;14.9;;;;;g/kg;fresh;;measured;cvb-veevoedertabel-2023;CVB Veevoedertabel 2023, p. 304;2023;isoleucine;Raapzaadschroot-RE > 370 g/kg (Raapzaadschroot - RE > 370 g/kg);no;;machine;;
raapzaad-schroot;arginine;point;23.4;;;;;g/kg;fresh;;measured;cvb-veevoedertabel-2023;CVB Veevoedertabel 2023, p. 304;2023;arginine;Raapzaadschroot-RE > 370 g/kg (Raapzaadschroot - RE > 370 g/kg);no;;machine;;
raapzaad-schroot;phenylalanine;point;15.7;;;;;g/kg;fresh;;measured;cvb-veevoedertabel-2023;CVB Veevoedertabel 2023, p. 304;2023;phenylalanine;Raapzaadschroot-RE > 370 g/kg (Raapzaadschroot - RE > 370 g/kg);no;;machine;;
raapzaad-schroot;histidine;point;10.7;;;;;g/kg;fresh;;measured;cvb-veevoedertabel-2023;CVB Veevoedertabel 2023, p. 304;2023;histidine;Raapzaadschroot-RE > 370 g/kg (Raapzaadschroot - RE > 370 g/kg);no;;machine;;
raapzaad-schroot;leucine;point;26.8;;;;;g/kg;fresh;;measured;cvb-veevoedertabel-2023;CVB Veevoedertabel 2023, p. 304;2023;leucine;Raapzaadschroot-RE > 370 g/kg (Raapzaadschroot - RE > 370 g/kg);no;;machine;;
raapzaad-schroot;tyrosine;point;11.9;;;;;g/kg;fresh;;measured;cvb-veevoedertabel-2023;CVB Veevoedertabel 2023, p. 304;2023;tyrosine;Raapzaadschroot-RE > 370 g/kg (Raapzaadschroot - RE > 370 g/kg);no;;machine;;
raapzaad-schroot;valine;point;19.5;;;;;g/kg;fresh;;measured;cvb-veevoedertabel-2023;CVB Veevoedertabel 2023, p. 304;2023;valine;Raapzaadschroot-RE > 370 g/kg (Raapzaadschroot - RE > 370 g/kg);no;;machine;;
raapzaad-schroot;alanine;point;17.2;;;;;g/kg;fresh;;measured;cvb-veevoedertabel-2023;CVB Veevoedertabel 2023, p. 304;2023;alanine;Raapzaadschroot-RE > 370 g/kg (Raapzaadschroot - RE > 370 g/kg);no;;machine;;
raapzaad-schroot;aspartic_acid;point;28.7;;;;;g/kg;fresh;;measured;cvb-veevoedertabel-2023;CVB Veevoedertabel 2023, p. 304;2023;aspartic_acid;Raapzaadschroot-RE > 370 g/kg (Raapzaadschroot - RE > 370 g/kg);no;;machine;;CVB prints ASP - in a hydrolysate this is aspartic acid plus asparagine
raapzaad-schroot;glutamic_acid;point;64.7;;;;;g/kg;fresh;;measured;cvb-veevoedertabel-2023;CVB Veevoedertabel 2023, p. 304;2023;glutamic_acid;Raapzaadschroot-RE > 370 g/kg (Raapzaadschroot - RE > 370 g/kg);no;;machine;;CVB prints GLU - in a hydrolysate this is glutamic acid plus glutamine
raapzaad-schroot;glycine;point;19.9;;;;;g/kg;fresh;;measured;cvb-veevoedertabel-2023;CVB Veevoedertabel 2023, p. 304;2023;glycine;Raapzaadschroot-RE > 370 g/kg (Raapzaadschroot - RE > 370 g/kg);no;;machine;;
raapzaad-schroot;proline;point;23.0;;;;;g/kg;fresh;;measured;cvb-veevoedertabel-2023;CVB Veevoedertabel 2023, p. 304;2023;proline;Raapzaadschroot-RE > 370 g/kg (Raapzaadschroot - RE > 370 g/kg);no;;machine;;
raapzaad-schroot;serine;point;16.9;;;;;g/kg;fresh;;measured;cvb-veevoedertabel-2023;CVB Veevoedertabel 2023, p. 304;2023;serine;Raapzaadschroot-RE > 370 g/kg (Raapzaadschroot - RE > 370 g/kg);no;;machine;;
raapzaad-schroot;amino_acids_total;point;354;;;;;g/kg;fresh;;measured;cvb-veevoedertabel-2023;CVB Veevoedertabel 2023, p. 304;2023;amino_acids_total;Raapzaadschroot-RE > 370 g/kg (Raapzaadschroot - RE > 370 g/kg);no;;machine;;CVB's own sum of the amino acids it measured - not recomputed here
soja-schroot;dry_matter;point;882;;;7;;g/kg;fresh;;measured;cvb-veevoedertabel-2023;CVB Veevoedertabel 2023, p. 343;2023;DS;Sojaschroot-HiPro RC < 45 g/kg-RE < 485 g/kg (Sojaschroot - HiPro, RC < 45, RE < 485 g/kg);no;;machine;;CVB gives dry matter per kg product
soja-schroot;ash;point;65;;;2;;g/kg;fresh;;measured;cvb-veevoedertabel-2023;CVB Veevoedertabel 2023, p. 343;2023;RAS;Sojaschroot-HiPro RC < 45 g/kg-RE < 485 g/kg (Sojaschroot - HiPro, RC < 45, RE < 485 g/kg);no;;machine;;
soja-schroot;crude_protein;point;469;;;10;;g/kg;fresh;;measured;cvb-veevoedertabel-2023;CVB Veevoedertabel 2023, p. 343;2023;RE;Sojaschroot-HiPro RC < 45 g/kg-RE < 485 g/kg (Sojaschroot - HiPro, RC < 45, RE < 485 g/kg);no;;machine;;CVB's RE, nitrogen times 6,25
soja-schroot;fat_total;point;13;;;3;;g/kg;fresh;ee-diethyl;measured;cvb-veevoedertabel-2023;CVB Veevoedertabel 2023, p. 343;2023;RVET;Sojaschroot-HiPro RC < 45 g/kg-RE < 485 g/kg (Sojaschroot - HiPro, RC < 45, RE < 485 g/kg);no;;machine;;CVB's RVET
soja-schroot;fat_total;point;24;;;3;;g/kg;fresh;ee-hcl;measured;cvb-veevoedertabel-2023;CVB Veevoedertabel 2023, p. 343;2023;RVETh;Sojaschroot-HiPro RC < 45 g/kg-RE < 485 g/kg (Sojaschroot - HiPro, RC < 45, RE < 485 g/kg);no;;machine;;CVB's RVETh, after acid hydrolysis
soja-schroot;crude_fibre;point;37;;;3;;g/kg;fresh;;measured;cvb-veevoedertabel-2023;CVB Veevoedertabel 2023, p. 343;2023;RC;Sojaschroot-HiPro RC < 45 g/kg-RE < 485 g/kg (Sojaschroot - HiPro, RC < 45, RE < 485 g/kg);no;;machine;;
soja-schroot;nfe;point;297;;;;;g/kg;fresh;;measured;cvb-veevoedertabel-2023;CVB Veevoedertabel 2023, p. 343;2023;OK;Sojaschroot-HiPro RC < 45 g/kg-RE < 485 g/kg (Sojaschroot - HiPro, RC < 45, RE < 485 g/kg);no;;machine;;CVB's OK, the Weende by-difference remainder
soja-schroot;starch;point;61;;;7;;g/kg;fresh;starch-polarimetric;measured;cvb-veevoedertabel-2023;CVB Veevoedertabel 2023, p. 343;2023;ZETew;Sojaschroot-HiPro RC < 45 g/kg-RE < 485 g/kg (Sojaschroot - HiPro, RC < 45, RE < 485 g/kg);no;;machine;;CVB's ZETew, the Ewers method
soja-schroot;starch;point;11;;;;;g/kg;fresh;starch-enzymatic;measured;cvb-veevoedertabel-2023;CVB Veevoedertabel 2023, p. 343;2023;ZETam;Sojaschroot-HiPro RC < 45 g/kg-RE < 485 g/kg (Sojaschroot - HiPro, RC < 45, RE < 485 g/kg);no;;machine;;CVB's ZETam, amyloglucosidase
soja-schroot;total_sugars;point;92;;;9;;g/kg;fresh;;measured;cvb-veevoedertabel-2023;CVB Veevoedertabel 2023, p. 343;2023;SUI;Sojaschroot-HiPro RC < 45 g/kg-RE < 485 g/kg (Sojaschroot - HiPro, RC < 45, RE < 485 g/kg);no;;machine;;
soja-schroot;ndf;point;84;;;;;g/kg;fresh;;measured;cvb-veevoedertabel-2023;CVB Veevoedertabel 2023, p. 343;2023;NDF;Sojaschroot-HiPro RC < 45 g/kg-RE < 485 g/kg (Sojaschroot - HiPro, RC < 45, RE < 485 g/kg);no;;machine;;
soja-schroot;adf;point;50;;;;;g/kg;fresh;;measured;cvb-veevoedertabel-2023;CVB Veevoedertabel 2023, p. 343;2023;ADF;Sojaschroot-HiPro RC < 45 g/kg-RE < 485 g/kg (Sojaschroot - HiPro, RC < 45, RE < 485 g/kg);no;;machine;;
soja-schroot;lignin;point;4;;;;;g/kg;fresh;lignin-adl;measured;cvb-veevoedertabel-2023;CVB Veevoedertabel 2023, p. 343;2023;ADL;Sojaschroot-HiPro RC < 45 g/kg-RE < 485 g/kg (Sojaschroot - HiPro, RC < 45, RE < 485 g/kg);no;;machine;;
soja-schroot;calcium;point;2.9;;;0.5;;g/kg;fresh;;measured;cvb-veevoedertabel-2023;CVB Veevoedertabel 2023, p. 343;2023;Ca;Sojaschroot-HiPro RC < 45 g/kg-RE < 485 g/kg (Sojaschroot - HiPro, RC < 45, RE < 485 g/kg);no;;machine;;
soja-schroot;phosphorus;point;6.7;;;0.4;;g/kg;fresh;;measured;cvb-veevoedertabel-2023;CVB Veevoedertabel 2023, p. 343;2023;P;Sojaschroot-HiPro RC < 45 g/kg-RE < 485 g/kg (Sojaschroot - HiPro, RC < 45, RE < 485 g/kg);no;;machine;;
soja-schroot;magnesium;point;3.0;;;0.4;;g/kg;fresh;;measured;cvb-veevoedertabel-2023;CVB Veevoedertabel 2023, p. 343;2023;Mg;Sojaschroot-HiPro RC < 45 g/kg-RE < 485 g/kg (Sojaschroot - HiPro, RC < 45, RE < 485 g/kg);no;;machine;;
soja-schroot;potassium;point;22.1;;;1.2;;g/kg;fresh;;measured;cvb-veevoedertabel-2023;CVB Veevoedertabel 2023, p. 343;2023;K;Sojaschroot-HiPro RC < 45 g/kg-RE < 485 g/kg (Sojaschroot - HiPro, RC < 45, RE < 485 g/kg);no;;machine;;
soja-schroot;sodium;point;0.1;;;0.1;;g/kg;fresh;;measured;cvb-veevoedertabel-2023;CVB Veevoedertabel 2023, p. 343;2023;Na;Sojaschroot-HiPro RC < 45 g/kg-RE < 485 g/kg (Sojaschroot - HiPro, RC < 45, RE < 485 g/kg);no;;machine;;
soja-schroot;chloride;point;0.4;;;0.2;;g/kg;fresh;;measured;cvb-veevoedertabel-2023;CVB Veevoedertabel 2023, p. 343;2023;Cl;Sojaschroot-HiPro RC < 45 g/kg-RE < 485 g/kg (Sojaschroot - HiPro, RC < 45, RE < 485 g/kg);no;;machine;;
soja-schroot;iron;point;130;;;32;;mg/kg;fresh;;measured;cvb-veevoedertabel-2023;CVB Veevoedertabel 2023, p. 343;2023;Fe;Sojaschroot-HiPro RC < 45 g/kg-RE < 485 g/kg (Sojaschroot - HiPro, RC < 45, RE < 485 g/kg);no;;machine;;
soja-schroot;manganese;point;37;;;3;;mg/kg;fresh;;measured;cvb-veevoedertabel-2023;CVB Veevoedertabel 2023, p. 343;2023;Mn;Sojaschroot-HiPro RC < 45 g/kg-RE < 485 g/kg (Sojaschroot - HiPro, RC < 45, RE < 485 g/kg);no;;machine;;
soja-schroot;zinc;point;49;;;4;;mg/kg;fresh;;measured;cvb-veevoedertabel-2023;CVB Veevoedertabel 2023, p. 343;2023;Zn;Sojaschroot-HiPro RC < 45 g/kg-RE < 485 g/kg (Sojaschroot - HiPro, RC < 45, RE < 485 g/kg);no;;machine;;
soja-schroot;copper;point;15;;;1;;mg/kg;fresh;;measured;cvb-veevoedertabel-2023;CVB Veevoedertabel 2023, p. 343;2023;Cu;Sojaschroot-HiPro RC < 45 g/kg-RE < 485 g/kg (Sojaschroot - HiPro, RC < 45, RE < 485 g/kg);no;;machine;;
soja-schroot;lysine;point;29.1;;;;;g/kg;fresh;;measured;cvb-veevoedertabel-2023;CVB Veevoedertabel 2023, p. 344;2023;lysine;Sojaschroot-HiPro RC < 45 g/kg-RE < 485 g/kg (Sojaschroot - HiPro, RC < 45, RE < 485 g/kg);no;;machine;;
soja-schroot;methionine;point;6.6;;;;;g/kg;fresh;;measured;cvb-veevoedertabel-2023;CVB Veevoedertabel 2023, p. 344;2023;methionine;Sojaschroot-HiPro RC < 45 g/kg-RE < 485 g/kg (Sojaschroot - HiPro, RC < 45, RE < 485 g/kg);no;;machine;;
soja-schroot;cystine;point;7.0;;;;;g/kg;fresh;;measured;cvb-veevoedertabel-2023;CVB Veevoedertabel 2023, p. 344;2023;cystine;Sojaschroot-HiPro RC < 45 g/kg-RE < 485 g/kg (Sojaschroot - HiPro, RC < 45, RE < 485 g/kg);no;;machine;;"CVB prints CYS - cystine, or cysteine plus half-cystine; the source does not say which"
soja-schroot;threonine;point;18.3;;;;;g/kg;fresh;;measured;cvb-veevoedertabel-2023;CVB Veevoedertabel 2023, p. 344;2023;threonine;Sojaschroot-HiPro RC < 45 g/kg-RE < 485 g/kg (Sojaschroot - HiPro, RC < 45, RE < 485 g/kg);no;;machine;;
soja-schroot;tryptophan;point;6.1;;;;;g/kg;fresh;;measured;cvb-veevoedertabel-2023;CVB Veevoedertabel 2023, p. 344;2023;tryptophan;Sojaschroot-HiPro RC < 45 g/kg-RE < 485 g/kg (Sojaschroot - HiPro, RC < 45, RE < 485 g/kg);no;;machine;;
soja-schroot;isoleucine;point;21.6;;;;;g/kg;fresh;;measured;cvb-veevoedertabel-2023;CVB Veevoedertabel 2023, p. 344;2023;isoleucine;Sojaschroot-HiPro RC < 45 g/kg-RE < 485 g/kg (Sojaschroot - HiPro, RC < 45, RE < 485 g/kg);no;;machine;;
soja-schroot;arginine;point;35.2;;;;;g/kg;fresh;;measured;cvb-veevoedertabel-2023;CVB Veevoedertabel 2023, p. 344;2023;arginine;Sojaschroot-HiPro RC < 45 g/kg-RE < 485 g/kg (Sojaschroot - HiPro, RC < 45, RE < 485 g/kg);no;;machine;;
soja-schroot;phenylalanine;point;24.4;;;;;g/kg;fresh;;measured;cvb-veevoedertabel-2023;CVB Veevoedertabel 2023, p. 344;2023;phenylalanine;Sojaschroot-HiPro RC < 45 g/kg-RE < 485 g/kg (Sojaschroot - HiPro, RC < 45, RE < 485 g/kg);no;;machine;;
soja-schroot;histidine;point;12.7;;;;;g/kg;fresh;;measured;cvb-veevoedertabel-2023;CVB Veevoedertabel 2023, p. 344;2023;histidine;Sojaschroot-HiPro RC < 45 g/kg-RE < 485 g/kg (Sojaschroot - HiPro, RC < 45, RE < 485 g/kg);no;;machine;;
soja-schroot;leucine;point;36.1;;;;;g/kg;fresh;;measured;cvb-veevoedertabel-2023;CVB Veevoedertabel 2023, p. 344;2023;leucine;Sojaschroot-HiPro RC < 45 g/kg-RE < 485 g/kg (Sojaschroot - HiPro, RC < 45, RE < 485 g/kg);no;;machine;;
soja-schroot;tyrosine;point;17.4;;;;;g/kg;fresh;;measured;cvb-veevoedertabel-2023;CVB Veevoedertabel 2023, p. 344;2023;tyrosine;Sojaschroot-HiPro RC < 45 g/kg-RE < 485 g/kg (Sojaschroot - HiPro, RC < 45, RE < 485 g/kg);no;;machine;;
soja-schroot;valine;point;22.5;;;;;g/kg;fresh;;measured;cvb-veevoedertabel-2023;CVB Veevoedertabel 2023, p. 344;2023;valine;Sojaschroot-HiPro RC < 45 g/kg-RE < 485 g/kg (Sojaschroot - HiPro, RC < 45, RE < 485 g/kg);no;;machine;;
soja-schroot;alanine;point;20.6;;;;;g/kg;fresh;;measured;cvb-veevoedertabel-2023;CVB Veevoedertabel 2023, p. 344;2023;alanine;Sojaschroot-HiPro RC < 45 g/kg-RE < 485 g/kg (Sojaschroot - HiPro, RC < 45, RE < 485 g/kg);no;;machine;;
soja-schroot;aspartic_acid;point;54.4;;;;;g/kg;fresh;;measured;cvb-veevoedertabel-2023;CVB Veevoedertabel 2023, p. 344;2023;aspartic_acid;Sojaschroot-HiPro RC < 45 g/kg-RE < 485 g/kg (Sojaschroot - HiPro, RC < 45, RE < 485 g/kg);no;;machine;;CVB prints ASP - in a hydrolysate this is aspartic acid plus asparagine
soja-schroot;glutamic_acid;point;83.5;;;;;g/kg;fresh;;measured;cvb-veevoedertabel-2023;CVB Veevoedertabel 2023, p. 344;2023;glutamic_acid;Sojaschroot-HiPro RC < 45 g/kg-RE < 485 g/kg (Sojaschroot - HiPro, RC < 45, RE < 485 g/kg);no;;machine;;CVB prints GLU - in a hydrolysate this is glutamic acid plus glutamine
soja-schroot;glycine;point;20.2;;;;;g/kg;fresh;;measured;cvb-veevoedertabel-2023;CVB Veevoedertabel 2023, p. 344;2023;glycine;Sojaschroot-HiPro RC < 45 g/kg-RE < 485 g/kg (Sojaschroot - HiPro, RC < 45, RE < 485 g/kg);no;;machine;;
soja-schroot;proline;point;23.9;;;;;g/kg;fresh;;measured;cvb-veevoedertabel-2023;CVB Veevoedertabel 2023, p. 344;2023;proline;Sojaschroot-HiPro RC < 45 g/kg-RE < 485 g/kg (Sojaschroot - HiPro, RC < 45, RE < 485 g/kg);no;;machine;;
soja-schroot;serine;point;23.9;;;;;g/kg;fresh;;measured;cvb-veevoedertabel-2023;CVB Veevoedertabel 2023, p. 344;2023;serine;Sojaschroot-HiPro RC < 45 g/kg-RE < 485 g/kg (Sojaschroot - HiPro, RC < 45, RE < 485 g/kg);no;;machine;;
soja-schroot;amino_acids_total;point;464;;;;;g/kg;fresh;;measured;cvb-veevoedertabel-2023;CVB Veevoedertabel 2023, p. 344;2023;amino_acids_total;Sojaschroot-HiPro RC < 45 g/kg-RE < 485 g/kg (Sojaschroot - HiPro, RC < 45, RE < 485 g/kg);no;;machine;;CVB's own sum of the amino acids it measured - not recomputed here
soja-schroot;dry_matter;point;878;;;5;;g/kg;fresh;;measured;cvb-veevoedertabel-2023;CVB Veevoedertabel 2023, p. 351;2023;DS;Sojaschroot-RC > 70 g/kg (Sojaschroot - RC > 70 g/kg);no;;machine;;CVB gives dry matter per kg product
soja-schroot;ash;point;65;;;3;;g/kg;fresh;;measured;cvb-veevoedertabel-2023;CVB Veevoedertabel 2023, p. 351;2023;RAS;Sojaschroot-RC > 70 g/kg (Sojaschroot - RC > 70 g/kg);no;;machine;;
soja-schroot;crude_protein;point;421;;;10;;g/kg;fresh;;measured;cvb-veevoedertabel-2023;CVB Veevoedertabel 2023, p. 351;2023;RE;Sojaschroot-RC > 70 g/kg (Sojaschroot - RC > 70 g/kg);no;;machine;;CVB's RE, nitrogen times 6,25
soja-schroot;fat_total;point;15;;;3;;g/kg;fresh;ee-diethyl;measured;cvb-veevoedertabel-2023;CVB Veevoedertabel 2023, p. 351;2023;RVET;Sojaschroot-RC > 70 g/kg (Sojaschroot - RC > 70 g/kg);no;;machine;;CVB's RVET
soja-schroot;fat_total;point;24;;;2;;g/kg;fresh;ee-hcl;measured;cvb-veevoedertabel-2023;CVB Veevoedertabel 2023, p. 351;2023;RVETh;Sojaschroot-RC > 70 g/kg (Sojaschroot - RC > 70 g/kg);no;;machine;;CVB's RVETh, after acid hydrolysis
soja-schroot;crude_fibre;point;75;;;3;;g/kg;fresh;;measured;cvb-veevoedertabel-2023;CVB Veevoedertabel 2023, p. 351;2023;RC;Sojaschroot-RC > 70 g/kg (Sojaschroot - RC > 70 g/kg);no;;machine;;
soja-schroot;nfe;point;301;;;;;g/kg;fresh;;measured;cvb-veevoedertabel-2023;CVB Veevoedertabel 2023, p. 351;2023;OK;Sojaschroot-RC > 70 g/kg (Sojaschroot - RC > 70 g/kg);no;;machine;;CVB's OK, the Weende by-difference remainder
soja-schroot;starch;point;60;;;9;;g/kg;fresh;starch-polarimetric;measured;cvb-veevoedertabel-2023;CVB Veevoedertabel 2023, p. 351;2023;ZETew;Sojaschroot-RC > 70 g/kg (Sojaschroot - RC > 70 g/kg);no;;machine;;CVB's ZETew, the Ewers method
soja-schroot;starch;point;13;;;;;g/kg;fresh;starch-enzymatic;measured;cvb-veevoedertabel-2023;CVB Veevoedertabel 2023, p. 351;2023;ZETam;Sojaschroot-RC > 70 g/kg (Sojaschroot - RC > 70 g/kg);no;;machine;;CVB's ZETam, amyloglucosidase
soja-schroot;total_sugars;point;80;;;8;;g/kg;fresh;;measured;cvb-veevoedertabel-2023;CVB Veevoedertabel 2023, p. 351;2023;SUI;Sojaschroot-RC > 70 g/kg (Sojaschroot - RC > 70 g/kg);no;;machine;;
soja-schroot;ndf;point;153;;;;;g/kg;fresh;;measured;cvb-veevoedertabel-2023;CVB Veevoedertabel 2023, p. 351;2023;NDF;Sojaschroot-RC > 70 g/kg (Sojaschroot - RC > 70 g/kg);no;;machine;;
soja-schroot;adf;point;102;;;;;g/kg;fresh;;measured;cvb-veevoedertabel-2023;CVB Veevoedertabel 2023, p. 351;2023;ADF;Sojaschroot-RC > 70 g/kg (Sojaschroot - RC > 70 g/kg);no;;machine;;
soja-schroot;lignin;point;7;;;;;g/kg;fresh;lignin-adl;measured;cvb-veevoedertabel-2023;CVB Veevoedertabel 2023, p. 351;2023;ADL;Sojaschroot-RC > 70 g/kg (Sojaschroot - RC > 70 g/kg);no;;machine;;
soja-schroot;calcium;point;2.9;;;0.5;;g/kg;fresh;;measured;cvb-veevoedertabel-2023;CVB Veevoedertabel 2023, p. 351;2023;Ca;Sojaschroot-RC > 70 g/kg (Sojaschroot - RC > 70 g/kg);no;;machine;;
soja-schroot;phosphorus;point;5.8;;;0.2;;g/kg;fresh;;measured;cvb-veevoedertabel-2023;CVB Veevoedertabel 2023, p. 351;2023;P;Sojaschroot-RC > 70 g/kg (Sojaschroot - RC > 70 g/kg);no;;machine;;
soja-schroot;magnesium;point;3.0;;;0.4;;g/kg;fresh;;measured;cvb-veevoedertabel-2023;CVB Veevoedertabel 2023, p. 351;2023;Mg;Sojaschroot-RC > 70 g/kg (Sojaschroot - RC > 70 g/kg);no;;machine;;
soja-schroot;potassium;point;22.0;;;1.2;;g/kg;fresh;;measured;cvb-veevoedertabel-2023;CVB Veevoedertabel 2023, p. 351;2023;K;Sojaschroot-RC > 70 g/kg (Sojaschroot - RC > 70 g/kg);no;;machine;;
soja-schroot;sodium;point;0.1;;;0.1;;g/kg;fresh;;measured;cvb-veevoedertabel-2023;CVB Veevoedertabel 2023, p. 351;2023;Na;Sojaschroot-RC > 70 g/kg (Sojaschroot - RC > 70 g/kg);no;;machine;;
soja-schroot;chloride;point;0.4;;;0.2;;g/kg;fresh;;measured;cvb-veevoedertabel-2023;CVB Veevoedertabel 2023, p. 351;2023;Cl;Sojaschroot-RC > 70 g/kg (Sojaschroot - RC > 70 g/kg);no;;machine;;
soja-schroot;iron;point;129;;;32;;mg/kg;fresh;;measured;cvb-veevoedertabel-2023;CVB Veevoedertabel 2023, p. 351;2023;Fe;Sojaschroot-RC > 70 g/kg (Sojaschroot - RC > 70 g/kg);no;;machine;;
soja-schroot;manganese;point;37;;;3;;mg/kg;fresh;;measured;cvb-veevoedertabel-2023;CVB Veevoedertabel 2023, p. 351;2023;Mn;Sojaschroot-RC > 70 g/kg (Sojaschroot - RC > 70 g/kg);no;;machine;;
soja-schroot;zinc;point;48;;;4;;mg/kg;fresh;;measured;cvb-veevoedertabel-2023;CVB Veevoedertabel 2023, p. 351;2023;Zn;Sojaschroot-RC > 70 g/kg (Sojaschroot - RC > 70 g/kg);no;;machine;;
soja-schroot;copper;point;15;;;1;;mg/kg;fresh;;measured;cvb-veevoedertabel-2023;CVB Veevoedertabel 2023, p. 351;2023;Cu;Sojaschroot-RC > 70 g/kg (Sojaschroot - RC > 70 g/kg);no;;machine;;
soja-schroot;lysine;point;26.1;;;;;g/kg;fresh;;measured;cvb-veevoedertabel-2023;CVB Veevoedertabel 2023, p. 352;2023;lysine;Sojaschroot-RC > 70 g/kg (Sojaschroot - RC > 70 g/kg);no;;machine;;
soja-schroot;methionine;point;5.9;;;;;g/kg;fresh;;measured;cvb-veevoedertabel-2023;CVB Veevoedertabel 2023, p. 352;2023;methionine;Sojaschroot-RC > 70 g/kg (Sojaschroot - RC > 70 g/kg);no;;machine;;
soja-schroot;cystine;point;6.3;;;;;g/kg;fresh;;measured;cvb-veevoedertabel-2023;CVB Veevoedertabel 2023, p. 352;2023;cystine;Sojaschroot-RC > 70 g/kg (Sojaschroot - RC > 70 g/kg);no;;machine;;"CVB prints CYS - cystine, or cysteine plus half-cystine; the source does not say which"
soja-schroot;threonine;point;16.4;;;;;g/kg;fresh;;measured;cvb-veevoedertabel-2023;CVB Veevoedertabel 2023, p. 352;2023;threonine;Sojaschroot-RC > 70 g/kg (Sojaschroot - RC > 70 g/kg);no;;machine;;
soja-schroot;tryptophan;point;5.5;;;;;g/kg;fresh;;measured;cvb-veevoedertabel-2023;CVB Veevoedertabel 2023, p. 352;2023;tryptophan;Sojaschroot-RC > 70 g/kg (Sojaschroot - RC > 70 g/kg);no;;machine;;
soja-schroot;isoleucine;point;19.4;;;;;g/kg;fresh;;measured;cvb-veevoedertabel-2023;CVB Veevoedertabel 2023, p. 352;2023;isoleucine;Sojaschroot-RC > 70 g/kg (Sojaschroot - RC > 70 g/kg);no;;machine;;
soja-schroot;arginine;point;31.6;;;;;g/kg;fresh;;measured;cvb-veevoedertabel-2023;CVB Veevoedertabel 2023, p. 352;2023;arginine;Sojaschroot-RC > 70 g/kg (Sojaschroot - RC > 70 g/kg);no;;machine;;
soja-schroot;phenylalanine;point;21.9;;;;;g/kg;fresh;;measured;cvb-veevoedertabel-2023;CVB Veevoedertabel 2023, p. 352;2023;phenylalanine;Sojaschroot-RC > 70 g/kg (Sojaschroot - RC > 70 g/kg);no;;machine;;
soja-schroot;histidine;point;11.4;;;;;g/kg;fresh;;measured;cvb-veevoedertabel-2023;CVB Veevoedertabel 2023, p. 352;2023;histidine;Sojaschroot-RC > 70 g/kg (Sojaschroot - RC > 70 g/kg);no;;machine;;
soja-schroot;leucine;point;32.4;;;;;g/kg;fresh;;measured;cvb-veevoedertabel-2023;CVB Veevoedertabel 2023, p. 352;2023;leucine;Sojaschroot-RC > 70 g/kg (Sojaschroot - RC > 70 g/kg);no;;machine;;
soja-schroot;tyrosine;point;15.6;;;;;g/kg;fresh;;measured;cvb-veevoedertabel-2023;CVB Veevoedertabel 2023, p. 352;2023;tyrosine;Sojaschroot-RC > 70 g/kg (Sojaschroot - RC > 70 g/kg);no;;machine;;
soja-schroot;valine;point;20.2;;;;;g/kg;fresh;;measured;cvb-veevoedertabel-2023;CVB Veevoedertabel 2023, p. 352;2023;valine;Sojaschroot-RC > 70 g/kg (Sojaschroot - RC > 70 g/kg);no;;machine;;
soja-schroot;alanine;point;18.5;;;;;g/kg;fresh;;measured;cvb-veevoedertabel-2023;CVB Veevoedertabel 2023, p. 352;2023;alanine;Sojaschroot-RC > 70 g/kg (Sojaschroot - RC > 70 g/kg);no;;machine;;
soja-schroot;aspartic_acid;point;48.9;;;;;g/kg;fresh;;measured;cvb-veevoedertabel-2023;CVB Veevoedertabel 2023, p. 352;2023;aspartic_acid;Sojaschroot-RC > 70 g/kg (Sojaschroot - RC > 70 g/kg);no;;machine;;CVB prints ASP - in a hydrolysate this is aspartic acid plus asparagine
soja-schroot;glutamic_acid;point;75.0;;;;;g/kg;fresh;;measured;cvb-veevoedertabel-2023;CVB Veevoedertabel 2023, p. 352;2023;glutamic_acid;Sojaschroot-RC > 70 g/kg (Sojaschroot - RC > 70 g/kg);no;;machine;;CVB prints GLU - in a hydrolysate this is glutamic acid plus glutamine
soja-schroot;glycine;point;18.1;;;;;g/kg;fresh;;measured;cvb-veevoedertabel-2023;CVB Veevoedertabel 2023, p. 352;2023;glycine;Sojaschroot-RC > 70 g/kg (Sojaschroot - RC > 70 g/kg);no;;machine;;
soja-schroot;proline;point;21.5;;;;;g/kg;fresh;;measured;cvb-veevoedertabel-2023;CVB Veevoedertabel 2023, p. 352;2023;proline;Sojaschroot-RC > 70 g/kg (Sojaschroot - RC > 70 g/kg);no;;machine;;
soja-schroot;serine;point;21.5;;;;;g/kg;fresh;;measured;cvb-veevoedertabel-2023;CVB Veevoedertabel 2023, p. 352;2023;serine;Sojaschroot-RC > 70 g/kg (Sojaschroot - RC > 70 g/kg);no;;machine;;
soja-schroot;amino_acids_total;point;416;;;;;g/kg;fresh;;measured;cvb-veevoedertabel-2023;CVB Veevoedertabel 2023, p. 352;2023;amino_acids_total;Sojaschroot-RC > 70 g/kg (Sojaschroot - RC > 70 g/kg);no;;machine;;CVB's own sum of the amino acids it measured - not recomputed here
zemelen;dry_matter;point;874;;;14;;g/kg;fresh;;measured;cvb-veevoedertabel-2023;CVB Veevoedertabel 2023, p. 397;2023;DS;Tarwemaalderijproducten-Tarwezemelen (Tarwemaalderijproducten - Tarwezemelen);no;;machine;;CVB gives dry matter per kg product
zemelen;ash;point;61;;;3;;g/kg;fresh;;measured;cvb-veevoedertabel-2023;CVB Veevoedertabel 2023, p. 397;2023;RAS;Tarwemaalderijproducten-Tarwezemelen (Tarwemaalderijproducten - Tarwezemelen);no;;machine;;
zemelen;crude_protein;point;142;;;7;;g/kg;fresh;;measured;cvb-veevoedertabel-2023;CVB Veevoedertabel 2023, p. 397;2023;RE;Tarwemaalderijproducten-Tarwezemelen (Tarwemaalderijproducten - Tarwezemelen);no;;machine;;CVB's RE, nitrogen times 6,25
zemelen;fat_total;point;29;;;2;;g/kg;fresh;ee-diethyl;measured;cvb-veevoedertabel-2023;CVB Veevoedertabel 2023, p. 397;2023;RVET;Tarwemaalderijproducten-Tarwezemelen (Tarwemaalderijproducten - Tarwezemelen);no;;machine;;CVB's RVET
zemelen;fat_total;point;43;;;2;;g/kg;fresh;ee-hcl;measured;cvb-veevoedertabel-2023;CVB Veevoedertabel 2023, p. 397;2023;RVETh;Tarwemaalderijproducten-Tarwezemelen (Tarwemaalderijproducten - Tarwezemelen);no;;machine;;CVB's RVETh, after acid hydrolysis
zemelen;crude_fibre;point;126;;;2;;g/kg;fresh;;measured;cvb-veevoedertabel-2023;CVB Veevoedertabel 2023, p. 397;2023;RC;Tarwemaalderijproducten-Tarwezemelen (Tarwemaalderijproducten - Tarwezemelen);no;;machine;;
zemelen;nfe;point;517;;;;;g/kg;fresh;;measured;cvb-veevoedertabel-2023;CVB Veevoedertabel 2023, p. 397;2023;OK;Tarwemaalderijproducten-Tarwezemelen (Tarwemaalderijproducten - Tarwezemelen);no;;machine;;CVB's OK, the Weende by-difference remainder
zemelen;starch;point;126;;;24;;g/kg;fresh;starch-polarimetric;measured;cvb-veevoedertabel-2023;CVB Veevoedertabel 2023, p. 397;2023;ZETew;Tarwemaalderijproducten-Tarwezemelen (Tarwemaalderijproducten - Tarwezemelen);no;;machine;;CVB's ZETew, the Ewers method
zemelen;starch;point;102;;;;;g/kg;fresh;starch-enzymatic;measured;cvb-veevoedertabel-2023;CVB Veevoedertabel 2023, p. 397;2023;ZETam;Tarwemaalderijproducten-Tarwezemelen (Tarwemaalderijproducten - Tarwezemelen);no;;machine;;CVB's ZETam, amyloglucosidase
zemelen;total_sugars;point;47;;;;;g/kg;fresh;;measured;cvb-veevoedertabel-2023;CVB Veevoedertabel 2023, p. 397;2023;SUI;Tarwemaalderijproducten-Tarwezemelen (Tarwemaalderijproducten - Tarwezemelen);no;;machine;;
zemelen;ndf;point;496;;;;;g/kg;fresh;;measured;cvb-veevoedertabel-2023;CVB Veevoedertabel 2023, p. 397;2023;NDF;Tarwemaalderijproducten-Tarwezemelen (Tarwemaalderijproducten - Tarwezemelen);no;;machine;;
zemelen;adf;point;159;;;;;g/kg;fresh;;measured;cvb-veevoedertabel-2023;CVB Veevoedertabel 2023, p. 397;2023;ADF;Tarwemaalderijproducten-Tarwezemelen (Tarwemaalderijproducten - Tarwezemelen);no;;machine;;
zemelen;lignin;point;43;;;;;g/kg;fresh;lignin-adl;measured;cvb-veevoedertabel-2023;CVB Veevoedertabel 2023, p. 397;2023;ADL;Tarwemaalderijproducten-Tarwezemelen (Tarwemaalderijproducten - Tarwezemelen);no;;machine;;
zemelen;calcium;point;1.0;;;;;g/kg;fresh;;measured;cvb-veevoedertabel-2023;CVB Veevoedertabel 2023, p. 397;2023;Ca;Tarwemaalderijproducten-Tarwezemelen (Tarwemaalderijproducten - Tarwezemelen);no;;machine;;
zemelen;phosphorus;point;12.3;;;;;g/kg;fresh;;measured;cvb-veevoedertabel-2023;CVB Veevoedertabel 2023, p. 397;2023;P;Tarwemaalderijproducten-Tarwezemelen (Tarwemaalderijproducten - Tarwezemelen);no;;machine;;
zemelen;magnesium;point;5.2;;;;;g/kg;fresh;;measured;cvb-veevoedertabel-2023;CVB Veevoedertabel 2023, p. 397;2023;Mg;Tarwemaalderijproducten-Tarwezemelen (Tarwemaalderijproducten - Tarwezemelen);no;;machine;;
zemelen;potassium;point;15.1;;;;;g/kg;fresh;;measured;cvb-veevoedertabel-2023;CVB Veevoedertabel 2023, p. 397;2023;K;Tarwemaalderijproducten-Tarwezemelen (Tarwemaalderijproducten - Tarwezemelen);no;;machine;;
zemelen;sodium;point;0.2;;;;;g/kg;fresh;;measured;cvb-veevoedertabel-2023;CVB Veevoedertabel 2023, p. 397;2023;Na;Tarwemaalderijproducten-Tarwezemelen (Tarwemaalderijproducten - Tarwezemelen);no;;machine;;
zemelen;chloride;point;0.7;;;;;g/kg;fresh;;measured;cvb-veevoedertabel-2023;CVB Veevoedertabel 2023, p. 397;2023;Cl;Tarwemaalderijproducten-Tarwezemelen (Tarwemaalderijproducten - Tarwezemelen);no;;machine;;
zemelen;iron;point;158;;;;;mg/kg;fresh;;measured;cvb-veevoedertabel-2023;CVB Veevoedertabel 2023, p. 397;2023;Fe;Tarwemaalderijproducten-Tarwezemelen (Tarwemaalderijproducten - Tarwezemelen);no;;machine;;
zemelen;manganese;point;161;;;;;mg/kg;fresh;;measured;cvb-veevoedertabel-2023;CVB Veevoedertabel 2023, p. 397;2023;Mn;Tarwemaalderijproducten-Tarwezemelen (Tarwemaalderijproducten - Tarwezemelen);no;;machine;;
zemelen;zinc;point;111;;;;;mg/kg;fresh;;measured;cvb-veevoedertabel-2023;CVB Veevoedertabel 2023, p. 397;2023;Zn;Tarwemaalderijproducten-Tarwezemelen (Tarwemaalderijproducten - Tarwezemelen);no;;machine;;
zemelen;copper;point;11;;;;;mg/kg;fresh;;measured;cvb-veevoedertabel-2023;CVB Veevoedertabel 2023, p. 397;2023;Cu;Tarwemaalderijproducten-Tarwezemelen (Tarwemaalderijproducten - Tarwezemelen);no;;machine;;
zemelen;lysine;point;5.7;;;;;g/kg;fresh;;measured;cvb-veevoedertabel-2023;CVB Veevoedertabel 2023, p. 398;2023;lysine;Tarwemaalderijproducten-Tarwezemelen (Tarwemaalderijproducten - Tarwezemelen);no;;machine;;
zemelen;methionine;point;2.3;;;;;g/kg;fresh;;measured;cvb-veevoedertabel-2023;CVB Veevoedertabel 2023, p. 398;2023;methionine;Tarwemaalderijproducten-Tarwezemelen (Tarwemaalderijproducten - Tarwezemelen);no;;machine;;
zemelen;cystine;point;3.0;;;;;g/kg;fresh;;measured;cvb-veevoedertabel-2023;CVB Veevoedertabel 2023, p. 398;2023;cystine;Tarwemaalderijproducten-Tarwezemelen (Tarwemaalderijproducten - Tarwezemelen);no;;machine;;"CVB prints CYS - cystine, or cysteine plus half-cystine; the source does not say which"
zemelen;threonine;point;4.7;;;;;g/kg;fresh;;measured;cvb-veevoedertabel-2023;CVB Veevoedertabel 2023, p. 398;2023;threonine;Tarwemaalderijproducten-Tarwezemelen (Tarwemaalderijproducten - Tarwezemelen);no;;machine;;
zemelen;tryptophan;point;2.0;;;;;g/kg;fresh;;measured;cvb-veevoedertabel-2023;CVB Veevoedertabel 2023, p. 398;2023;tryptophan;Tarwemaalderijproducten-Tarwezemelen (Tarwemaalderijproducten - Tarwezemelen);no;;machine;;
zemelen;isoleucine;point;4.5;;;;;g/kg;fresh;;measured;cvb-veevoedertabel-2023;CVB Veevoedertabel 2023, p. 398;2023;isoleucine;Tarwemaalderijproducten-Tarwezemelen (Tarwemaalderijproducten - Tarwezemelen);no;;machine;;
zemelen;arginine;point;9.5;;;;;g/kg;fresh;;measured;cvb-veevoedertabel-2023;CVB Veevoedertabel 2023, p. 398;2023;arginine;Tarwemaalderijproducten-Tarwezemelen (Tarwemaalderijproducten - Tarwezemelen);no;;machine;;
zemelen;phenylalanine;point;5.7;;;;;g/kg;fresh;;measured;cvb-veevoedertabel-2023;CVB Veevoedertabel 2023, p. 398;2023;phenylalanine;Tarwemaalderijproducten-Tarwezemelen (Tarwemaalderijproducten - Tarwezemelen);no;;machine;;
zemelen;histidine;point;3.8;;;;;g/kg;fresh;;measured;cvb-veevoedertabel-2023;CVB Veevoedertabel 2023, p. 398;2023;histidine;Tarwemaalderijproducten-Tarwezemelen (Tarwemaalderijproducten - Tarwezemelen);no;;machine;;
zemelen;leucine;point;8.8;;;;;g/kg;fresh;;measured;cvb-veevoedertabel-2023;CVB Veevoedertabel 2023, p. 398;2023;leucine;Tarwemaalderijproducten-Tarwezemelen (Tarwemaalderijproducten - Tarwezemelen);no;;machine;;
zemelen;tyrosine;point;4.1;;;;;g/kg;fresh;;measured;cvb-veevoedertabel-2023;CVB Veevoedertabel 2023, p. 398;2023;tyrosine;Tarwemaalderijproducten-Tarwezemelen (Tarwemaalderijproducten - Tarwezemelen);no;;machine;;
zemelen;valine;point;6.7;;;;;g/kg;fresh;;measured;cvb-veevoedertabel-2023;CVB Veevoedertabel 2023, p. 398;2023;valine;Tarwemaalderijproducten-Tarwezemelen (Tarwemaalderijproducten - Tarwezemelen);no;;machine;;
zemelen;alanine;point;6.7;;;;;g/kg;fresh;;measured;cvb-veevoedertabel-2023;CVB Veevoedertabel 2023, p. 398;2023;alanine;Tarwemaalderijproducten-Tarwezemelen (Tarwemaalderijproducten - Tarwezemelen);no;;machine;;
zemelen;aspartic_acid;point;10.1;;;;;g/kg;fresh;;measured;cvb-veevoedertabel-2023;CVB Veevoedertabel 2023, p. 398;2023;aspartic_acid;Tarwemaalderijproducten-Tarwezemelen (Tarwemaalderijproducten - Tarwezemelen);no;;machine;;CVB prints ASP - in a hydrolysate this is aspartic acid plus asparagine
zemelen;glutamic_acid;point;27.5;;;;;g/kg;fresh;;measured;cvb-veevoedertabel-2023;CVB Veevoedertabel 2023, p. 398;2023;glutamic_acid;Tarwemaalderijproducten-Tarwezemelen (Tarwemaalderijproducten - Tarwezemelen);no;;machine;;CVB prints GLU - in a hydrolysate this is glutamic acid plus glutamine
zemelen;glycine;point;7.2;;;;;g/kg;fresh;;measured;cvb-veevoedertabel-2023;CVB Veevoedertabel 2023, p. 398;2023;glycine;Tarwemaalderijproducten-Tarwezemelen (Tarwemaalderijproducten - Tarwezemelen);no;;machine;;
zemelen;proline;point;9.2;;;;;g/kg;fresh;;measured;cvb-veevoedertabel-2023;CVB Veevoedertabel 2023, p. 398;2023;proline;Tarwemaalderijproducten-Tarwezemelen (Tarwemaalderijproducten - Tarwezemelen);no;;machine;;
zemelen;serine;point;6.2;;;;;g/kg;fresh;;measured;cvb-veevoedertabel-2023;CVB Veevoedertabel 2023, p. 398;2023;serine;Tarwemaalderijproducten-Tarwezemelen (Tarwemaalderijproducten - Tarwezemelen);no;;machine;;
zemelen;amino_acids_total;point;127;;;;;g/kg;fresh;;measured;cvb-veevoedertabel-2023;CVB Veevoedertabel 2023, p. 398;2023;amino_acids_total;Tarwemaalderijproducten-Tarwezemelen (Tarwemaalderijproducten - Tarwezemelen);no;;machine;;CVB's own sum of the amino acids it measured - not recomputed here
aardappel-stoomschillen;dry_matter;point;119;;;18;;g/kg;fresh;;measured;cvb-veevoedertabel-2023;CVB Veevoedertabel 2023, p. 505;2023;DS;Aardappelstoomschillen, vers en kuil-ZETam < 350 g/kg DS (Aardappelstoomschillen, vers en kuil - ZETam < 350 g/kg DS);no;;machine;;CVB gives dry matter per kg product
aardappel-stoomschillen;ash;point;81;;;12;;g/kg;dry;;measured;cvb-veevoedertabel-2023;CVB Veevoedertabel 2023, p. 505;2023;RAS;Aardappelstoomschillen, vers en kuil-ZETam < 350 g/kg DS (Aardappelstoomschillen, vers en kuil - ZETam < 350 g/kg DS);no;;machine;;
aardappel-stoomschillen;crude_protein;point;155;;;16;;g/kg;dry;;measured;cvb-veevoedertabel-2023;CVB Veevoedertabel 2023, p. 505;2023;RE;Aardappelstoomschillen, vers en kuil-ZETam < 350 g/kg DS (Aardappelstoomschillen, vers en kuil - ZETam < 350 g/kg DS);no;;machine;;CVB's RE, nitrogen times 6,25
aardappel-stoomschillen;fat_total;point;13;;;4;;g/kg;dry;ee-hcl;measured;cvb-veevoedertabel-2023;CVB Veevoedertabel 2023, p. 505;2023;RVETh;Aardappelstoomschillen, vers en kuil-ZETam < 350 g/kg DS (Aardappelstoomschillen, vers en kuil - ZETam < 350 g/kg DS);no;;machine;;CVB's RVETh, after acid hydrolysis
aardappel-stoomschillen;crude_fibre;point;71;;;13;;g/kg;dry;;measured;cvb-veevoedertabel-2023;CVB Veevoedertabel 2023, p. 505;2023;RC;Aardappelstoomschillen, vers en kuil-ZETam < 350 g/kg DS (Aardappelstoomschillen, vers en kuil - ZETam < 350 g/kg DS);no;;machine;;
aardappel-stoomschillen;starch;point;257;;;;;g/kg;dry;starch-enzymatic;measured;cvb-veevoedertabel-2023;CVB Veevoedertabel 2023, p. 505;2023;ZETam;Aardappelstoomschillen, vers en kuil-ZETam < 350 g/kg DS (Aardappelstoomschillen, vers en kuil - ZETam < 350 g/kg DS);no;;machine;;CVB's ZETam, amyloglucosidase
aardappel-stoomschillen;total_sugars;point;35;;;16;;g/kg;dry;;measured;cvb-veevoedertabel-2023;CVB Veevoedertabel 2023, p. 505;2023;SUI;Aardappelstoomschillen, vers en kuil-ZETam < 350 g/kg DS (Aardappelstoomschillen, vers en kuil - ZETam < 350 g/kg DS);no;;machine;;
aardappel-stoomschillen;ndf;point;127;;;;;g/kg;dry;;measured;cvb-veevoedertabel-2023;CVB Veevoedertabel 2023, p. 505;2023;NDF;Aardappelstoomschillen, vers en kuil-ZETam < 350 g/kg DS (Aardappelstoomschillen, vers en kuil - ZETam < 350 g/kg DS);no;;machine;;
aardappel-stoomschillen;adf;point;97;;;;;g/kg;dry;;measured;cvb-veevoedertabel-2023;CVB Veevoedertabel 2023, p. 505;2023;ADF;Aardappelstoomschillen, vers en kuil-ZETam < 350 g/kg DS (Aardappelstoomschillen, vers en kuil - ZETam < 350 g/kg DS);no;;machine;;
aardappel-stoomschillen;lignin;point;28;;;;;g/kg;dry;lignin-adl;measured;cvb-veevoedertabel-2023;CVB Veevoedertabel 2023, p. 505;2023;ADL;Aardappelstoomschillen, vers en kuil-ZETam < 350 g/kg DS (Aardappelstoomschillen, vers en kuil - ZETam < 350 g/kg DS);no;;machine;;
aardappel-stoomschillen;calcium;point;2.1;;;0.7;;g/kg;dry;;measured;cvb-veevoedertabel-2023;CVB Veevoedertabel 2023, p. 505;2023;Ca;Aardappelstoomschillen, vers en kuil-ZETam < 350 g/kg DS (Aardappelstoomschillen, vers en kuil - ZETam < 350 g/kg DS);no;;machine;;
aardappel-stoomschillen;phosphorus;point;2.7;;;0.4;;g/kg;dry;;measured;cvb-veevoedertabel-2023;CVB Veevoedertabel 2023, p. 505;2023;P;Aardappelstoomschillen, vers en kuil-ZETam < 350 g/kg DS (Aardappelstoomschillen, vers en kuil - ZETam < 350 g/kg DS);no;;machine;;
aardappel-stoomschillen;magnesium;point;1.3;;;0.2;;g/kg;dry;;measured;cvb-veevoedertabel-2023;CVB Veevoedertabel 2023, p. 505;2023;Mg;Aardappelstoomschillen, vers en kuil-ZETam < 350 g/kg DS (Aardappelstoomschillen, vers en kuil - ZETam < 350 g/kg DS);no;;machine;;
aardappel-stoomschillen;potassium;point;31.3;;;4.6;;g/kg;dry;;measured;cvb-veevoedertabel-2023;CVB Veevoedertabel 2023, p. 505;2023;K;Aardappelstoomschillen, vers en kuil-ZETam < 350 g/kg DS (Aardappelstoomschillen, vers en kuil - ZETam < 350 g/kg DS);no;;machine;;
aardappel-stoomschillen;sodium;point;0.8;;;1.1;;g/kg;dry;;measured;cvb-veevoedertabel-2023;CVB Veevoedertabel 2023, p. 505;2023;Na;Aardappelstoomschillen, vers en kuil-ZETam < 350 g/kg DS (Aardappelstoomschillen, vers en kuil - ZETam < 350 g/kg DS);no;;machine;;
aardappel-stoomschillen;chloride;point;4.6;;;2.3;;g/kg;dry;;measured;cvb-veevoedertabel-2023;CVB Veevoedertabel 2023, p. 505;2023;Cl;Aardappelstoomschillen, vers en kuil-ZETam < 350 g/kg DS (Aardappelstoomschillen, vers en kuil - ZETam < 350 g/kg DS);no;;machine;;
aardappel-stoomschillen;iron;point;985;;;736;;mg/kg;dry;;measured;cvb-veevoedertabel-2023;CVB Veevoedertabel 2023, p. 505;2023;Fe;Aardappelstoomschillen, vers en kuil-ZETam < 350 g/kg DS (Aardappelstoomschillen, vers en kuil - ZETam < 350 g/kg DS);no;;machine;;
aardappel-stoomschillen;manganese;point;55;;;36;;mg/kg;dry;;measured;cvb-veevoedertabel-2023;CVB Veevoedertabel 2023, p. 505;2023;Mn;Aardappelstoomschillen, vers en kuil-ZETam < 350 g/kg DS (Aardappelstoomschillen, vers en kuil - ZETam < 350 g/kg DS);no;;machine;;
aardappel-stoomschillen;zinc;point;54;;;36;;mg/kg;dry;;measured;cvb-veevoedertabel-2023;CVB Veevoedertabel 2023, p. 505;2023;Zn;Aardappelstoomschillen, vers en kuil-ZETam < 350 g/kg DS (Aardappelstoomschillen, vers en kuil - ZETam < 350 g/kg DS);no;;machine;;
aardappel-stoomschillen;copper;point;13;;;5;;mg/kg;dry;;measured;cvb-veevoedertabel-2023;CVB Veevoedertabel 2023, p. 505;2023;Cu;Aardappelstoomschillen, vers en kuil-ZETam < 350 g/kg DS (Aardappelstoomschillen, vers en kuil - ZETam < 350 g/kg DS);no;;machine;;
aardappel-stoomschillen;lysine;point;8.5;;;;;g/kg;dry;;measured;cvb-veevoedertabel-2023;CVB Veevoedertabel 2023, p. 506;2023;lysine;Aardappelstoomschillen, vers en kuil-ZETam < 350 g/kg DS (Aardappelstoomschillen, vers en kuil - ZETam < 350 g/kg DS);no;;machine;;
aardappel-stoomschillen;methionine;point;2.2;;;;;g/kg;dry;;measured;cvb-veevoedertabel-2023;CVB Veevoedertabel 2023, p. 506;2023;methionine;Aardappelstoomschillen, vers en kuil-ZETam < 350 g/kg DS (Aardappelstoomschillen, vers en kuil - ZETam < 350 g/kg DS);no;;machine;;
aardappel-stoomschillen;cystine;point;1.9;;;;;g/kg;dry;;measured;cvb-veevoedertabel-2023;CVB Veevoedertabel 2023, p. 506;2023;cystine;Aardappelstoomschillen, vers en kuil-ZETam < 350 g/kg DS (Aardappelstoomschillen, vers en kuil - ZETam < 350 g/kg DS);no;;machine;;"CVB prints CYS - cystine, or cysteine plus half-cystine; the source does not say which"
aardappel-stoomschillen;threonine;point;5.9;;;;;g/kg;dry;;measured;cvb-veevoedertabel-2023;CVB Veevoedertabel 2023, p. 506;2023;threonine;Aardappelstoomschillen, vers en kuil-ZETam < 350 g/kg DS (Aardappelstoomschillen, vers en kuil - ZETam < 350 g/kg DS);no;;machine;;
aardappel-stoomschillen;tryptophan;point;1.6;;;;;g/kg;dry;;measured;cvb-veevoedertabel-2023;CVB Veevoedertabel 2023, p. 506;2023;tryptophan;Aardappelstoomschillen, vers en kuil-ZETam < 350 g/kg DS (Aardappelstoomschillen, vers en kuil - ZETam < 350 g/kg DS);no;;machine;;
aardappel-stoomschillen;isoleucine;point;5.6;;;;;g/kg;dry;;measured;cvb-veevoedertabel-2023;CVB Veevoedertabel 2023, p. 506;2023;isoleucine;Aardappelstoomschillen, vers en kuil-ZETam < 350 g/kg DS (Aardappelstoomschillen, vers en kuil - ZETam < 350 g/kg DS);no;;machine;;
aardappel-stoomschillen;arginine;point;5.3;;;;;g/kg;dry;;measured;cvb-veevoedertabel-2023;CVB Veevoedertabel 2023, p. 506;2023;arginine;Aardappelstoomschillen, vers en kuil-ZETam < 350 g/kg DS (Aardappelstoomschillen, vers en kuil - ZETam < 350 g/kg DS);no;;machine;;
aardappel-stoomschillen;phenylalanine;point;6.2;;;;;g/kg;dry;;measured;cvb-veevoedertabel-2023;CVB Veevoedertabel 2023, p. 506;2023;phenylalanine;Aardappelstoomschillen, vers en kuil-ZETam < 350 g/kg DS (Aardappelstoomschillen, vers en kuil - ZETam < 350 g/kg DS);no;;machine;;
aardappel-stoomschillen;histidine;point;2.6;;;;;g/kg;dry;;measured;cvb-veevoedertabel-2023;CVB Veevoedertabel 2023, p. 506;2023;histidine;Aardappelstoomschillen, vers en kuil-ZETam < 350 g/kg DS (Aardappelstoomschillen, vers en kuil - ZETam < 350 g/kg DS);no;;machine;;
aardappel-stoomschillen;leucine;point;9.6;;;;;g/kg;dry;;measured;cvb-veevoedertabel-2023;CVB Veevoedertabel 2023, p. 506;2023;leucine;Aardappelstoomschillen, vers en kuil-ZETam < 350 g/kg DS (Aardappelstoomschillen, vers en kuil - ZETam < 350 g/kg DS);no;;machine;;
aardappel-stoomschillen;tyrosine;point;5.6;;;;;g/kg;dry;;measured;cvb-veevoedertabel-2023;CVB Veevoedertabel 2023, p. 506;2023;tyrosine;Aardappelstoomschillen, vers en kuil-ZETam < 350 g/kg DS (Aardappelstoomschillen, vers en kuil - ZETam < 350 g/kg DS);no;;machine;;
aardappel-stoomschillen;valine;point;7.4;;;;;g/kg;dry;;measured;cvb-veevoedertabel-2023;CVB Veevoedertabel 2023, p. 506;2023;valine;Aardappelstoomschillen, vers en kuil-ZETam < 350 g/kg DS (Aardappelstoomschillen, vers en kuil - ZETam < 350 g/kg DS);no;;machine;;
aardappel-stoomschillen;alanine;point;9.3;;;;;g/kg;dry;;measured;cvb-veevoedertabel-2023;CVB Veevoedertabel 2023, p. 506;2023;alanine;Aardappelstoomschillen, vers en kuil-ZETam < 350 g/kg DS (Aardappelstoomschillen, vers en kuil - ZETam < 350 g/kg DS);no;;machine;;
aardappel-stoomschillen;aspartic_acid;point;26.4;;;;;g/kg;dry;;measured;cvb-veevoedertabel-2023;CVB Veevoedertabel 2023, p. 506;2023;aspartic_acid;Aardappelstoomschillen, vers en kuil-ZETam < 350 g/kg DS (Aardappelstoomschillen, vers en kuil - ZETam < 350 g/kg DS);no;;machine;;CVB prints ASP - in a hydrolysate this is aspartic acid plus asparagine
aardappel-stoomschillen;glutamic_acid;point;17.2;;;;;g/kg;dry;;measured;cvb-veevoedertabel-2023;CVB Veevoedertabel 2023, p. 506;2023;glutamic_acid;Aardappelstoomschillen, vers en kuil-ZETam < 350 g/kg DS (Aardappelstoomschillen, vers en kuil - ZETam < 350 g/kg DS);no;;machine;;CVB prints GLU - in a hydrolysate this is glutamic acid plus glutamine
aardappel-stoomschillen;glycine;point;5.6;;;;;g/kg;dry;;measured;cvb-veevoedertabel-2023;CVB Veevoedertabel 2023, p. 506;2023;glycine;Aardappelstoomschillen, vers en kuil-ZETam < 350 g/kg DS (Aardappelstoomschillen, vers en kuil - ZETam < 350 g/kg DS);no;;machine;;
aardappel-stoomschillen;proline;point;5.4;;;;;g/kg;dry;;measured;cvb-veevoedertabel-2023;CVB Veevoedertabel 2023, p. 506;2023;proline;Aardappelstoomschillen, vers en kuil-ZETam < 350 g/kg DS (Aardappelstoomschillen, vers en kuil - ZETam < 350 g/kg DS);no;;machine;;
aardappel-stoomschillen;serine;point;6.2;;;;;g/kg;dry;;measured;cvb-veevoedertabel-2023;CVB Veevoedertabel 2023, p. 506;2023;serine;Aardappelstoomschillen, vers en kuil-ZETam < 350 g/kg DS (Aardappelstoomschillen, vers en kuil - ZETam < 350 g/kg DS);no;;machine;;
aardappel-stoomschillen;amino_acids_total;point;132;;;;;g/kg;dry;;measured;cvb-veevoedertabel-2023;CVB Veevoedertabel 2023, p. 506;2023;amino_acids_total;Aardappelstoomschillen, vers en kuil-ZETam < 350 g/kg DS (Aardappelstoomschillen, vers en kuil - ZETam < 350 g/kg DS);no;;machine;;CVB's own sum of the amino acids it measured - not recomputed here
aardappel-stoomschillen;dry_matter;point;157;;;26;;g/kg;fresh;;measured;cvb-veevoedertabel-2023;CVB Veevoedertabel 2023, p. 511;2023;DS;Aardappelstoomschillen, vers en kuil-ZETam > 600 g/kg DS (Aardappelstoomschillen, vers en kuil - ZETam > 600 g/kg DS);no;;machine;;CVB gives dry matter per kg product
aardappel-stoomschillen;ash;point;53;;;7;;g/kg;dry;;measured;cvb-veevoedertabel-2023;CVB Veevoedertabel 2023, p. 511;2023;RAS;Aardappelstoomschillen, vers en kuil-ZETam > 600 g/kg DS (Aardappelstoomschillen, vers en kuil - ZETam > 600 g/kg DS);no;;machine;;
aardappel-stoomschillen;crude_protein;point;102;;;12;;g/kg;dry;;measured;cvb-veevoedertabel-2023;CVB Veevoedertabel 2023, p. 511;2023;RE;Aardappelstoomschillen, vers en kuil-ZETam > 600 g/kg DS (Aardappelstoomschillen, vers en kuil - ZETam > 600 g/kg DS);no;;machine;;CVB's RE, nitrogen times 6,25
aardappel-stoomschillen;fat_total;point;8;;;2;;g/kg;dry;ee-hcl;measured;cvb-veevoedertabel-2023;CVB Veevoedertabel 2023, p. 511;2023;RVETh;Aardappelstoomschillen, vers en kuil-ZETam > 600 g/kg DS (Aardappelstoomschillen, vers en kuil - ZETam > 600 g/kg DS);no;;machine;;CVB's RVETh, after acid hydrolysis
aardappel-stoomschillen;crude_fibre;point;34;;;6;;g/kg;dry;;measured;cvb-veevoedertabel-2023;CVB Veevoedertabel 2023, p. 511;2023;RC;Aardappelstoomschillen, vers en kuil-ZETam > 600 g/kg DS (Aardappelstoomschillen, vers en kuil - ZETam > 600 g/kg DS);no;;machine;;
aardappel-stoomschillen;starch;point;633;;;;;g/kg;dry;starch-enzymatic;measured;cvb-veevoedertabel-2023;CVB Veevoedertabel 2023, p. 511;2023;ZETam;Aardappelstoomschillen, vers en kuil-ZETam > 600 g/kg DS (Aardappelstoomschillen, vers en kuil - ZETam > 600 g/kg DS);no;;machine;;CVB's ZETam, amyloglucosidase
aardappel-stoomschillen;total_sugars;point;9;;;4;;g/kg;dry;;measured;cvb-veevoedertabel-2023;CVB Veevoedertabel 2023, p. 511;2023;SUI;Aardappelstoomschillen, vers en kuil-ZETam > 600 g/kg DS (Aardappelstoomschillen, vers en kuil - ZETam > 600 g/kg DS);no;;machine;;
aardappel-stoomschillen;ndf;point;76;;;;;g/kg;dry;;measured;cvb-veevoedertabel-2023;CVB Veevoedertabel 2023, p. 511;2023;NDF;Aardappelstoomschillen, vers en kuil-ZETam > 600 g/kg DS (Aardappelstoomschillen, vers en kuil - ZETam > 600 g/kg DS);no;;machine;;
aardappel-stoomschillen;adf;point;46;;;;;g/kg;dry;;measured;cvb-veevoedertabel-2023;CVB Veevoedertabel 2023, p. 511;2023;ADF;Aardappelstoomschillen, vers en kuil-ZETam > 600 g/kg DS (Aardappelstoomschillen, vers en kuil - ZETam > 600 g/kg DS);no;;machine;;
aardappel-stoomschillen;lignin;point;3;;;;;g/kg;dry;lignin-adl;measured;cvb-veevoedertabel-2023;CVB Veevoedertabel 2023, p. 511;2023;ADL;Aardappelstoomschillen, vers en kuil-ZETam > 600 g/kg DS (Aardappelstoomschillen, vers en kuil - ZETam > 600 g/kg DS);no;;machine;;
aardappel-stoomschillen;calcium;point;0.9;;;0.3;;g/kg;dry;;measured;cvb-veevoedertabel-2023;CVB Veevoedertabel 2023, p. 511;2023;Ca;Aardappelstoomschillen, vers en kuil-ZETam > 600 g/kg DS (Aardappelstoomschillen, vers en kuil - ZETam > 600 g/kg DS);no;;machine;;
aardappel-stoomschillen;phosphorus;point;2.5;;;0.3;;g/kg;dry;;measured;cvb-veevoedertabel-2023;CVB Veevoedertabel 2023, p. 511;2023;P;Aardappelstoomschillen, vers en kuil-ZETam > 600 g/kg DS (Aardappelstoomschillen, vers en kuil - ZETam > 600 g/kg DS);no;;machine;;
aardappel-stoomschillen;magnesium;point;0.9;;;0.1;;g/kg;dry;;measured;cvb-veevoedertabel-2023;CVB Veevoedertabel 2023, p. 511;2023;Mg;Aardappelstoomschillen, vers en kuil-ZETam > 600 g/kg DS (Aardappelstoomschillen, vers en kuil - ZETam > 600 g/kg DS);no;;machine;;
aardappel-stoomschillen;potassium;point;22.9;;;3.5;;g/kg;dry;;measured;cvb-veevoedertabel-2023;CVB Veevoedertabel 2023, p. 511;2023;K;Aardappelstoomschillen, vers en kuil-ZETam > 600 g/kg DS (Aardappelstoomschillen, vers en kuil - ZETam > 600 g/kg DS);no;;machine;;
aardappel-stoomschillen;sodium;point;0.4;;;0.3;;g/kg;dry;;measured;cvb-veevoedertabel-2023;CVB Veevoedertabel 2023, p. 511;2023;Na;Aardappelstoomschillen, vers en kuil-ZETam > 600 g/kg DS (Aardappelstoomschillen, vers en kuil - ZETam > 600 g/kg DS);no;;machine;;
aardappel-stoomschillen;chloride;point;2.5;;;0.6;;g/kg;dry;;measured;cvb-veevoedertabel-2023;CVB Veevoedertabel 2023, p. 511;2023;Cl;Aardappelstoomschillen, vers en kuil-ZETam > 600 g/kg DS (Aardappelstoomschillen, vers en kuil - ZETam > 600 g/kg DS);no;;machine;;
aardappel-stoomschillen;iron;point;261;;;327;;mg/kg;dry;;measured;cvb-veevoedertabel-2023;CVB Veevoedertabel 2023, p. 511;2023;Fe;Aardappelstoomschillen, vers en kuil-ZETam > 600 g/kg DS (Aardappelstoomschillen, vers en kuil - ZETam > 600 g/kg DS);no;;machine;;
aardappel-stoomschillen;manganese;point;24;;;8;;mg/kg;dry;;measured;cvb-veevoedertabel-2023;CVB Veevoedertabel 2023, p. 511;2023;Mn;Aardappelstoomschillen, vers en kuil-ZETam > 600 g/kg DS (Aardappelstoomschillen, vers en kuil - ZETam > 600 g/kg DS);no;;machine;;
aardappel-stoomschillen;zinc;point;24;;;19;;mg/kg;dry;;measured;cvb-veevoedertabel-2023;CVB Veevoedertabel 2023, p. 511;2023;Zn;Aardappelstoomschillen, vers en kuil-ZETam > 600 g/kg DS (Aardappelstoomschillen, vers en kuil - ZETam > 600 g/kg DS);no;;machine;;
aardappel-stoomschillen;copper;point;23;;;;;mg/kg;dry;;measured;cvb-veevoedertabel-2023;CVB Veevoedertabel 2023, p. 511;2023;Cu;Aardappelstoomschillen, vers en kuil-ZETam > 600 g/kg DS (Aardappelstoomschillen, vers en kuil - ZETam > 600 g/kg DS);no;;machine;;
aardappel-stoomschillen;lysine;point;5.6;;;;;g/kg;dry;;measured;cvb-veevoedertabel-2023;CVB Veevoedertabel 2023, p. 512;2023;lysine;Aardappelstoomschillen, vers en kuil-ZETam > 600 g/kg DS (Aardappelstoomschillen, vers en kuil - ZETam > 600 g/kg DS);no;;machine;;
aardappel-stoomschillen;methionine;point;1.4;;;;;g/kg;dry;;measured;cvb-veevoedertabel-2023;CVB Veevoedertabel 2023, p. 512;2023;methionine;Aardappelstoomschillen, vers en kuil-ZETam > 600 g/kg DS (Aardappelstoomschillen, vers en kuil - ZETam > 600 g/kg DS);no;;machine;;
aardappel-stoomschillen;cystine;point;1.2;;;;;g/kg;dry;;measured;cvb-veevoedertabel-2023;CVB Veevoedertabel 2023, p. 512;2023;cystine;Aardappelstoomschillen, vers en kuil-ZETam > 600 g/kg DS (Aardappelstoomschillen, vers en kuil - ZETam > 600 g/kg DS);no;;machine;;"CVB prints CYS - cystine, or cysteine plus half-cystine; the source does not say which"
aardappel-stoomschillen;threonine;point;3.9;;;;;g/kg;dry;;measured;cvb-veevoedertabel-2023;CVB Veevoedertabel 2023, p. 512;2023;threonine;Aardappelstoomschillen, vers en kuil-ZETam > 600 g/kg DS (Aardappelstoomschillen, vers en kuil - ZETam > 600 g/kg DS);no;;machine;;
aardappel-stoomschillen;tryptophan;point;1.0;;;;;g/kg;dry;;measured;cvb-veevoedertabel-2023;CVB Veevoedertabel 2023, p. 512;2023;tryptophan;Aardappelstoomschillen, vers en kuil-ZETam > 600 g/kg DS (Aardappelstoomschillen, vers en kuil - ZETam > 600 g/kg DS);no;;machine;;
aardappel-stoomschillen;isoleucine;point;3.7;;;;;g/kg;dry;;measured;cvb-veevoedertabel-2023;CVB Veevoedertabel 2023, p. 512;2023;isoleucine;Aardappelstoomschillen, vers en kuil-ZETam > 600 g/kg DS (Aardappelstoomschillen, vers en kuil - ZETam > 600 g/kg DS);no;;machine;;
aardappel-stoomschillen;arginine;point;3.5;;;;;g/kg;dry;;measured;cvb-veevoedertabel-2023;CVB Veevoedertabel 2023, p. 512;2023;arginine;Aardappelstoomschillen, vers en kuil-ZETam > 600 g/kg DS (Aardappelstoomschillen, vers en kuil - ZETam > 600 g/kg DS);no;;machine;;
aardappel-stoomschillen;phenylalanine;point;4.1;;;;;g/kg;dry;;measured;cvb-veevoedertabel-2023;CVB Veevoedertabel 2023, p. 512;2023;phenylalanine;Aardappelstoomschillen, vers en kuil-ZETam > 600 g/kg DS (Aardappelstoomschillen, vers en kuil - ZETam > 600 g/kg DS);no;;machine;;
aardappel-stoomschillen;histidine;point;1.7;;;;;g/kg;dry;;measured;cvb-veevoedertabel-2023;CVB Veevoedertabel 2023, p. 512;2023;histidine;Aardappelstoomschillen, vers en kuil-ZETam > 600 g/kg DS (Aardappelstoomschillen, vers en kuil - ZETam > 600 g/kg DS);no;;machine;;
aardappel-stoomschillen;leucine;point;6.3;;;;;g/kg;dry;;measured;cvb-veevoedertabel-2023;CVB Veevoedertabel 2023, p. 512;2023;leucine;Aardappelstoomschillen, vers en kuil-ZETam > 600 g/kg DS (Aardappelstoomschillen, vers en kuil - ZETam > 600 g/kg DS);no;;machine;;
aardappel-stoomschillen;tyrosine;point;3.7;;;;;g/kg;dry;;measured;cvb-veevoedertabel-2023;CVB Veevoedertabel 2023, p. 512;2023;tyrosine;Aardappelstoomschillen, vers en kuil-ZETam > 600 g/kg DS (Aardappelstoomschillen, vers en kuil - ZETam > 600 g/kg DS);no;;machine;;
aardappel-stoomschillen;valine;point;4.9;;;;;g/kg;dry;;measured;cvb-veevoedertabel-2023;CVB Veevoedertabel 2023, p. 512;2023;valine;Aardappelstoomschillen, vers en kuil-ZETam > 600 g/kg DS (Aardappelstoomschillen, vers en kuil - ZETam > 600 g/kg DS);no;;machine;;
aardappel-stoomschillen;alanine;point;6.1;;;;;g/kg;dry;;measured;cvb-veevoedertabel-2023;CVB Veevoedertabel 2023, p. 512;2023;alanine;Aardappelstoomschillen, vers en kuil-ZETam > 600 g/kg DS (Aardappelstoomschillen, vers en kuil - ZETam > 600 g/kg DS);no;;machine;;
aardappel-stoomschillen;aspartic_acid;point;17.3;;;;;g/kg;dry;;measured;cvb-veevoedertabel-2023;CVB Veevoedertabel 2023, p. 512;2023;aspartic_acid;Aardappelstoomschillen, vers en kuil-ZETam > 600 g/kg DS (Aardappelstoomschillen, vers en kuil - ZETam > 600 g/kg DS);no;;machine;;CVB prints ASP - in a hydrolysate this is aspartic acid plus asparagine
aardappel-stoomschillen;glutamic_acid;point;11.3;;;;;g/kg;dry;;measured;cvb-veevoedertabel-2023;CVB Veevoedertabel 2023, p. 512;2023;glutamic_acid;Aardappelstoomschillen, vers en kuil-ZETam > 600 g/kg DS (Aardappelstoomschillen, vers en kuil - ZETam > 600 g/kg DS);no;;machine;;CVB prints GLU - in a hydrolysate this is glutamic acid plus glutamine
aardappel-stoomschillen;glycine;point;3.7;;;;;g/kg;dry;;measured;cvb-veevoedertabel-2023;CVB Veevoedertabel 2023, p. 512;2023;glycine;Aardappelstoomschillen, vers en kuil-ZETam > 600 g/kg DS (Aardappelstoomschillen, vers en kuil - ZETam > 600 g/kg DS);no;;machine;;
aardappel-stoomschillen;proline;point;3.6;;;;;g/kg;dry;;measured;cvb-veevoedertabel-2023;CVB Veevoedertabel 2023, p. 512;2023;proline;Aardappelstoomschillen, vers en kuil-ZETam > 600 g/kg DS (Aardappelstoomschillen, vers en kuil - ZETam > 600 g/kg DS);no;;machine;;
aardappel-stoomschillen;serine;point;4.1;;;;;g/kg;dry;;measured;cvb-veevoedertabel-2023;CVB Veevoedertabel 2023, p. 512;2023;serine;Aardappelstoomschillen, vers en kuil-ZETam > 600 g/kg DS (Aardappelstoomschillen, vers en kuil - ZETam > 600 g/kg DS);no;;machine;;
aardappel-stoomschillen;amino_acids_total;point;87;;;;;g/kg;dry;;measured;cvb-veevoedertabel-2023;CVB Veevoedertabel 2023, p. 512;2023;amino_acids_total;Aardappelstoomschillen, vers en kuil-ZETam > 600 g/kg DS (Aardappelstoomschillen, vers en kuil - ZETam > 600 g/kg DS);no;;machine;;CVB's own sum of the amino acids it measured - not recomputed here
zuivelnevenstroom;dry_matter;point;44;;;9;;g/kg;fresh;;measured;cvb-veevoedertabel-2023;CVB Veevoedertabel 2023, p. 559;2023;DS;Kaaswei, vers-RE < 175 g/kg DS (Kaaswei, vers - RE < 175 g/kg DS);no;;machine;;CVB gives dry matter per kg product
zuivelnevenstroom;ash;point;96;;;18;;g/kg;dry;;measured;cvb-veevoedertabel-2023;CVB Veevoedertabel 2023, p. 559;2023;RAS;Kaaswei, vers-RE < 175 g/kg DS (Kaaswei, vers - RE < 175 g/kg DS);no;;machine;;
zuivelnevenstroom;crude_protein;point;153;;;18;;g/kg;dry;;measured;cvb-veevoedertabel-2023;CVB Veevoedertabel 2023, p. 559;2023;RE;Kaaswei, vers-RE < 175 g/kg DS (Kaaswei, vers - RE < 175 g/kg DS);no;;machine;;CVB's RE, nitrogen times 6,25
zuivelnevenstroom;fat_total;point;47;;;31;;g/kg;dry;ee-hcl;measured;cvb-veevoedertabel-2023;CVB Veevoedertabel 2023, p. 559;2023;RVETh;Kaaswei, vers-RE < 175 g/kg DS (Kaaswei, vers - RE < 175 g/kg DS);no;;machine;;CVB's RVETh, after acid hydrolysis
zuivelnevenstroom;total_sugars;point;591;;;98;;g/kg;dry;;measured;cvb-veevoedertabel-2023;CVB Veevoedertabel 2023, p. 559;2023;SUI;Kaaswei, vers-RE < 175 g/kg DS (Kaaswei, vers - RE < 175 g/kg DS);no;;machine;;
zuivelnevenstroom;calcium;point;9.5;;;2.4;;g/kg;dry;;measured;cvb-veevoedertabel-2023;CVB Veevoedertabel 2023, p. 559;2023;Ca;Kaaswei, vers-RE < 175 g/kg DS (Kaaswei, vers - RE < 175 g/kg DS);no;;machine;;
zuivelnevenstroom;phosphorus;point;7.5;;;1.3;;g/kg;dry;;measured;cvb-veevoedertabel-2023;CVB Veevoedertabel 2023, p. 559;2023;P;Kaaswei, vers-RE < 175 g/kg DS (Kaaswei, vers - RE < 175 g/kg DS);no;;machine;;
zuivelnevenstroom;magnesium;point;2.0;;;1.1;;g/kg;dry;;measured;cvb-veevoedertabel-2023;CVB Veevoedertabel 2023, p. 559;2023;Mg;Kaaswei, vers-RE < 175 g/kg DS (Kaaswei, vers - RE < 175 g/kg DS);no;;machine;;
zuivelnevenstroom;potassium;point;26.1;;;3.0;;g/kg;dry;;measured;cvb-veevoedertabel-2023;CVB Veevoedertabel 2023, p. 559;2023;K;Kaaswei, vers-RE < 175 g/kg DS (Kaaswei, vers - RE < 175 g/kg DS);no;;machine;;
zuivelnevenstroom;sodium;point;8.2;;;1.8;;g/kg;dry;;measured;cvb-veevoedertabel-2023;CVB Veevoedertabel 2023, p. 559;2023;Na;Kaaswei, vers-RE < 175 g/kg DS (Kaaswei, vers - RE < 175 g/kg DS);no;;machine;;
zuivelnevenstroom;chloride;point;20.8;;;3.1;;g/kg;dry;;measured;cvb-veevoedertabel-2023;CVB Veevoedertabel 2023, p. 559;2023;Cl;Kaaswei, vers-RE < 175 g/kg DS (Kaaswei, vers - RE < 175 g/kg DS);no;;machine;;
zuivelnevenstroom;iron;point;66;;;53;;mg/kg;dry;;measured;cvb-veevoedertabel-2023;CVB Veevoedertabel 2023, p. 559;2023;Fe;Kaaswei, vers-RE < 175 g/kg DS (Kaaswei, vers - RE < 175 g/kg DS);no;;machine;;
zuivelnevenstroom;manganese;point;8;;;11;;mg/kg;dry;;measured;cvb-veevoedertabel-2023;CVB Veevoedertabel 2023, p. 559;2023;Mn;Kaaswei, vers-RE < 175 g/kg DS (Kaaswei, vers - RE < 175 g/kg DS);no;;machine;;
zuivelnevenstroom;zinc;point;15;;;12;;mg/kg;dry;;measured;cvb-veevoedertabel-2023;CVB Veevoedertabel 2023, p. 559;2023;Zn;Kaaswei, vers-RE < 175 g/kg DS (Kaaswei, vers - RE < 175 g/kg DS);no;;machine;;
zuivelnevenstroom;copper;point;9;;;9;;mg/kg;dry;;measured;cvb-veevoedertabel-2023;CVB Veevoedertabel 2023, p. 559;2023;Cu;Kaaswei, vers-RE < 175 g/kg DS (Kaaswei, vers - RE < 175 g/kg DS);no;;machine;;
zuivelnevenstroom;lysine;point;11.1;;;;;g/kg;dry;;measured;cvb-veevoedertabel-2023;CVB Veevoedertabel 2023, p. 560;2023;lysine;Kaaswei, vers-RE < 175 g/kg DS (Kaaswei, vers - RE < 175 g/kg DS);no;;machine;;
zuivelnevenstroom;methionine;point;2.8;;;;;g/kg;dry;;measured;cvb-veevoedertabel-2023;CVB Veevoedertabel 2023, p. 560;2023;methionine;Kaaswei, vers-RE < 175 g/kg DS (Kaaswei, vers - RE < 175 g/kg DS);no;;machine;;
zuivelnevenstroom;cystine;point;2.5;;;;;g/kg;dry;;measured;cvb-veevoedertabel-2023;CVB Veevoedertabel 2023, p. 560;2023;cystine;Kaaswei, vers-RE < 175 g/kg DS (Kaaswei, vers - RE < 175 g/kg DS);no;;machine;;"CVB prints CYS - cystine, or cysteine plus half-cystine; the source does not say which"
zuivelnevenstroom;threonine;point;7.2;;;;;g/kg;dry;;measured;cvb-veevoedertabel-2023;CVB Veevoedertabel 2023, p. 560;2023;threonine;Kaaswei, vers-RE < 175 g/kg DS (Kaaswei, vers - RE < 175 g/kg DS);no;;machine;;
zuivelnevenstroom;tryptophan;point;2.0;;;;;g/kg;dry;;measured;cvb-veevoedertabel-2023;CVB Veevoedertabel 2023, p. 560;2023;tryptophan;Kaaswei, vers-RE < 175 g/kg DS (Kaaswei, vers - RE < 175 g/kg DS);no;;machine;;
zuivelnevenstroom;isoleucine;point;5.8;;;;;g/kg;dry;;measured;cvb-veevoedertabel-2023;CVB Veevoedertabel 2023, p. 560;2023;isoleucine;Kaaswei, vers-RE < 175 g/kg DS (Kaaswei, vers - RE < 175 g/kg DS);no;;machine;;
zuivelnevenstroom;arginine;point;2.6;;;;;g/kg;dry;;measured;cvb-veevoedertabel-2023;CVB Veevoedertabel 2023, p. 560;2023;arginine;Kaaswei, vers-RE < 175 g/kg DS (Kaaswei, vers - RE < 175 g/kg DS);no;;machine;;
zuivelnevenstroom;phenylalanine;point;3.2;;;;;g/kg;dry;;measured;cvb-veevoedertabel-2023;CVB Veevoedertabel 2023, p. 560;2023;phenylalanine;Kaaswei, vers-RE < 175 g/kg DS (Kaaswei, vers - RE < 175 g/kg DS);no;;machine;;
zuivelnevenstroom;histidine;point;2.1;;;;;g/kg;dry;;measured;cvb-veevoedertabel-2023;CVB Veevoedertabel 2023, p. 560;2023;histidine;Kaaswei, vers-RE < 175 g/kg DS (Kaaswei, vers - RE < 175 g/kg DS);no;;machine;;
zuivelnevenstroom;leucine;point;10.1;;;;;g/kg;dry;;measured;cvb-veevoedertabel-2023;CVB Veevoedertabel 2023, p. 560;2023;leucine;Kaaswei, vers-RE < 175 g/kg DS (Kaaswei, vers - RE < 175 g/kg DS);no;;machine;;
zuivelnevenstroom;tyrosine;point;3.7;;;;;g/kg;dry;;measured;cvb-veevoedertabel-2023;CVB Veevoedertabel 2023, p. 560;2023;tyrosine;Kaaswei, vers-RE < 175 g/kg DS (Kaaswei, vers - RE < 175 g/kg DS);no;;machine;;
zuivelnevenstroom;valine;point;6.3;;;;;g/kg;dry;;measured;cvb-veevoedertabel-2023;CVB Veevoedertabel 2023, p. 560;2023;valine;Kaaswei, vers-RE < 175 g/kg DS (Kaaswei, vers - RE < 175 g/kg DS);no;;machine;;
zuivelnevenstroom;alanine;point;6.9;;;;;g/kg;dry;;measured;cvb-veevoedertabel-2023;CVB Veevoedertabel 2023, p. 560;2023;alanine;Kaaswei, vers-RE < 175 g/kg DS (Kaaswei, vers - RE < 175 g/kg DS);no;;machine;;
zuivelnevenstroom;aspartic_acid;point;9.5;;;;;g/kg;dry;;measured;cvb-veevoedertabel-2023;CVB Veevoedertabel 2023, p. 560;2023;aspartic_acid;Kaaswei, vers-RE < 175 g/kg DS (Kaaswei, vers - RE < 175 g/kg DS);no;;machine;;CVB prints ASP - in a hydrolysate this is aspartic acid plus asparagine
zuivelnevenstroom;glutamic_acid;point;18.5;;;;;g/kg;dry;;measured;cvb-veevoedertabel-2023;CVB Veevoedertabel 2023, p. 560;2023;glutamic_acid;Kaaswei, vers-RE < 175 g/kg DS (Kaaswei, vers - RE < 175 g/kg DS);no;;machine;;CVB prints GLU - in a hydrolysate this is glutamic acid plus glutamine
zuivelnevenstroom;glycine;point;3.2;;;;;g/kg;dry;;measured;cvb-veevoedertabel-2023;CVB Veevoedertabel 2023, p. 560;2023;glycine;Kaaswei, vers-RE < 175 g/kg DS (Kaaswei, vers - RE < 175 g/kg DS);no;;machine;;
zuivelnevenstroom;proline;point;8.1;;;;;g/kg;dry;;measured;cvb-veevoedertabel-2023;CVB Veevoedertabel 2023, p. 560;2023;proline;Kaaswei, vers-RE < 175 g/kg DS (Kaaswei, vers - RE < 175 g/kg DS);no;;machine;;
zuivelnevenstroom;serine;point;4.8;;;;;g/kg;dry;;measured;cvb-veevoedertabel-2023;CVB Veevoedertabel 2023, p. 560;2023;serine;Kaaswei, vers-RE < 175 g/kg DS (Kaaswei, vers - RE < 175 g/kg DS);no;;machine;;
zuivelnevenstroom;amino_acids_total;point;110;;;;;g/kg;dry;;measured;cvb-veevoedertabel-2023;CVB Veevoedertabel 2023, p. 560;2023;amino_acids_total;Kaaswei, vers-RE < 175 g/kg DS (Kaaswei, vers - RE < 175 g/kg DS);no;;machine;;CVB's own sum of the amino acids it measured - not recomputed here
zuivelnevenstroom;dry_matter;point;38;;;8;;g/kg;fresh;;measured;cvb-veevoedertabel-2023;CVB Veevoedertabel 2023, p. 561;2023;DS;Kaaswei, vers-RE 175 - 275 g/kg DS (Kaaswei, vers - RE 175-275 g/kg DS);no;;machine;;CVB gives dry matter per kg product
zuivelnevenstroom;ash;point;106;;;19;;g/kg;dry;;measured;cvb-veevoedertabel-2023;CVB Veevoedertabel 2023, p. 561;2023;RAS;Kaaswei, vers-RE 175 - 275 g/kg DS (Kaaswei, vers - RE 175-275 g/kg DS);no;;machine;;
zuivelnevenstroom;crude_protein;point;210;;;24;;g/kg;dry;;measured;cvb-veevoedertabel-2023;CVB Veevoedertabel 2023, p. 561;2023;RE;Kaaswei, vers-RE 175 - 275 g/kg DS (Kaaswei, vers - RE 175-275 g/kg DS);no;;machine;;CVB's RE, nitrogen times 6,25
zuivelnevenstroom;fat_total;point;72;;;36;;g/kg;dry;ee-hcl;measured;cvb-veevoedertabel-2023;CVB Veevoedertabel 2023, p. 561;2023;RVETh;Kaaswei, vers-RE 175 - 275 g/kg DS (Kaaswei, vers - RE 175-275 g/kg DS);no;;machine;;CVB's RVETh, after acid hydrolysis
zuivelnevenstroom;total_sugars;point;468;;;98;;g/kg;dry;;measured;cvb-veevoedertabel-2023;CVB Veevoedertabel 2023, p. 561;2023;SUI;Kaaswei, vers-RE 175 - 275 g/kg DS (Kaaswei, vers - RE 175-275 g/kg DS);no;;machine;;
zuivelnevenstroom;calcium;point;12.1;;;2.1;;g/kg;dry;;measured;cvb-veevoedertabel-2023;CVB Veevoedertabel 2023, p. 561;2023;Ca;Kaaswei, vers-RE 175 - 275 g/kg DS (Kaaswei, vers - RE 175-275 g/kg DS);no;;machine;;
zuivelnevenstroom;phosphorus;point;9.1;;;1.8;;g/kg;dry;;measured;cvb-veevoedertabel-2023;CVB Veevoedertabel 2023, p. 561;2023;P;Kaaswei, vers-RE 175 - 275 g/kg DS (Kaaswei, vers - RE 175-275 g/kg DS);no;;machine;;
zuivelnevenstroom;magnesium;point;2.1;;;0.4;;g/kg;dry;;measured;cvb-veevoedertabel-2023;CVB Veevoedertabel 2023, p. 561;2023;Mg;Kaaswei, vers-RE 175 - 275 g/kg DS (Kaaswei, vers - RE 175-275 g/kg DS);no;;machine;;
zuivelnevenstroom;potassium;point;27.9;;;4.3;;g/kg;dry;;measured;cvb-veevoedertabel-2023;CVB Veevoedertabel 2023, p. 561;2023;K;Kaaswei, vers-RE 175 - 275 g/kg DS (Kaaswei, vers - RE 175-275 g/kg DS);no;;machine;;
zuivelnevenstroom;sodium;point;10.2;;;2.7;;g/kg;dry;;measured;cvb-veevoedertabel-2023;CVB Veevoedertabel 2023, p. 561;2023;Na;Kaaswei, vers-RE 175 - 275 g/kg DS (Kaaswei, vers - RE 175-275 g/kg DS);no;;machine;;
zuivelnevenstroom;chloride;point;21.1;;;4.6;;g/kg;dry;;measured;cvb-veevoedertabel-2023;CVB Veevoedertabel 2023, p. 561;2023;Cl;Kaaswei, vers-RE 175 - 275 g/kg DS (Kaaswei, vers - RE 175-275 g/kg DS);no;;machine;;
zuivelnevenstroom;iron;point;60;;;;;mg/kg;dry;;measured;cvb-veevoedertabel-2023;CVB Veevoedertabel 2023, p. 561;2023;Fe;Kaaswei, vers-RE 175 - 275 g/kg DS (Kaaswei, vers - RE 175-275 g/kg DS);no;;machine;;
zuivelnevenstroom;manganese;point;20;;;16;;mg/kg;dry;;measured;cvb-veevoedertabel-2023;CVB Veevoedertabel 2023, p. 561;2023;Mn;Kaaswei, vers-RE 175 - 275 g/kg DS (Kaaswei, vers - RE 175-275 g/kg DS);no;;machine;;
zuivelnevenstroom;zinc;point;24;;;14;;mg/kg;dry;;measured;cvb-veevoedertabel-2023;CVB Veevoedertabel 2023, p. 561;2023;Zn;Kaaswei, vers-RE 175 - 275 g/kg DS (Kaaswei, vers - RE 175-275 g/kg DS);no;;machine;;
zuivelnevenstroom;copper;point;22;;;15;;mg/kg;dry;;measured;cvb-veevoedertabel-2023;CVB Veevoedertabel 2023, p. 561;2023;Cu;Kaaswei, vers-RE 175 - 275 g/kg DS (Kaaswei, vers - RE 175-275 g/kg DS);no;;machine;;
zuivelnevenstroom;lysine;point;15.2;;;;;g/kg;dry;;measured;cvb-veevoedertabel-2023;CVB Veevoedertabel 2023, p. 562;2023;lysine;Kaaswei, vers-RE 175 - 275 g/kg DS (Kaaswei, vers - RE 175-275 g/kg DS);no;;machine;;
zuivelnevenstroom;methionine;point;3.9;;;;;g/kg;dry;;measured;cvb-veevoedertabel-2023;CVB Veevoedertabel 2023, p. 562;2023;methionine;Kaaswei, vers-RE 175 - 275 g/kg DS (Kaaswei, vers - RE 175-275 g/kg DS);no;;machine;;
zuivelnevenstroom;cystine;point;3.4;;;;;g/kg;dry;;measured;cvb-veevoedertabel-2023;CVB Veevoedertabel 2023, p. 562;2023;cystine;Kaaswei, vers-RE 175 - 275 g/kg DS (Kaaswei, vers - RE 175-275 g/kg DS);no;;machine;;"CVB prints CYS - cystine, or cysteine plus half-cystine; the source does not say which"
zuivelnevenstroom;threonine;point;9.8;;;;;g/kg;dry;;measured;cvb-veevoedertabel-2023;CVB Veevoedertabel 2023, p. 562;2023;threonine;Kaaswei, vers-RE 175 - 275 g/kg DS (Kaaswei, vers - RE 175-275 g/kg DS);no;;machine;;
zuivelnevenstroom;tryptophan;point;2.7;;;;;g/kg;dry;;measured;cvb-veevoedertabel-2023;CVB Veevoedertabel 2023, p. 562;2023;tryptophan;Kaaswei, vers-RE 175 - 275 g/kg DS (Kaaswei, vers - RE 175-275 g/kg DS);no;;machine;;
zuivelnevenstroom;isoleucine;point;8.0;;;;;g/kg;dry;;measured;cvb-veevoedertabel-2023;CVB Veevoedertabel 2023, p. 562;2023;isoleucine;Kaaswei, vers-RE 175 - 275 g/kg DS (Kaaswei, vers - RE 175-275 g/kg DS);no;;machine;;
zuivelnevenstroom;arginine;point;3.6;;;;;g/kg;dry;;measured;cvb-veevoedertabel-2023;CVB Veevoedertabel 2023, p. 562;2023;arginine;Kaaswei, vers-RE 175 - 275 g/kg DS (Kaaswei, vers - RE 175-275 g/kg DS);no;;machine;;
zuivelnevenstroom;phenylalanine;point;4.3;;;;;g/kg;dry;;measured;cvb-veevoedertabel-2023;CVB Veevoedertabel 2023, p. 562;2023;phenylalanine;Kaaswei, vers-RE 175 - 275 g/kg DS (Kaaswei, vers - RE 175-275 g/kg DS);no;;machine;;
zuivelnevenstroom;histidine;point;2.9;;;;;g/kg;dry;;measured;cvb-veevoedertabel-2023;CVB Veevoedertabel 2023, p. 562;2023;histidine;Kaaswei, vers-RE 175 - 275 g/kg DS (Kaaswei, vers - RE 175-275 g/kg DS);no;;machine;;
zuivelnevenstroom;leucine;point;13.8;;;;;g/kg;dry;;measured;cvb-veevoedertabel-2023;CVB Veevoedertabel 2023, p. 562;2023;leucine;Kaaswei, vers-RE 175 - 275 g/kg DS (Kaaswei, vers - RE 175-275 g/kg DS);no;;machine;;
zuivelnevenstroom;tyrosine;point;5.0;;;;;g/kg;dry;;measured;cvb-veevoedertabel-2023;CVB Veevoedertabel 2023, p. 562;2023;tyrosine;Kaaswei, vers-RE 175 - 275 g/kg DS (Kaaswei, vers - RE 175-275 g/kg DS);no;;machine;;
zuivelnevenstroom;valine;point;8.6;;;;;g/kg;dry;;measured;cvb-veevoedertabel-2023;CVB Veevoedertabel 2023, p. 562;2023;valine;Kaaswei, vers-RE 175 - 275 g/kg DS (Kaaswei, vers - RE 175-275 g/kg DS);no;;machine;;
zuivelnevenstroom;alanine;point;9.4;;;;;g/kg;dry;;measured;cvb-veevoedertabel-2023;CVB Veevoedertabel 2023, p. 562;2023;alanine;Kaaswei, vers-RE 175 - 275 g/kg DS (Kaaswei, vers - RE 175-275 g/kg DS);no;;machine;;
zuivelnevenstroom;aspartic_acid;point;13.1;;;;;g/kg;dry;;measured;cvb-veevoedertabel-2023;CVB Veevoedertabel 2023, p. 562;2023;aspartic_acid;Kaaswei, vers-RE 175 - 275 g/kg DS (Kaaswei, vers - RE 175-275 g/kg DS);no;;machine;;CVB prints ASP - in a hydrolysate this is aspartic acid plus asparagine
zuivelnevenstroom;glutamic_acid;point;25.3;;;;;g/kg;dry;;measured;cvb-veevoedertabel-2023;CVB Veevoedertabel 2023, p. 562;2023;glutamic_acid;Kaaswei, vers-RE 175 - 275 g/kg DS (Kaaswei, vers - RE 175-275 g/kg DS);no;;machine;;CVB prints GLU - in a hydrolysate this is glutamic acid plus glutamine
zuivelnevenstroom;glycine;point;4.4;;;;;g/kg;dry;;measured;cvb-veevoedertabel-2023;CVB Veevoedertabel 2023, p. 562;2023;glycine;Kaaswei, vers-RE 175 - 275 g/kg DS (Kaaswei, vers - RE 175-275 g/kg DS);no;;machine;;
zuivelnevenstroom;proline;point;11.1;;;;;g/kg;dry;;measured;cvb-veevoedertabel-2023;CVB Veevoedertabel 2023, p. 562;2023;proline;Kaaswei, vers-RE 175 - 275 g/kg DS (Kaaswei, vers - RE 175-275 g/kg DS);no;;machine;;
zuivelnevenstroom;serine;point;6.5;;;;;g/kg;dry;;measured;cvb-veevoedertabel-2023;CVB Veevoedertabel 2023, p. 562;2023;serine;Kaaswei, vers-RE 175 - 275 g/kg DS (Kaaswei, vers - RE 175-275 g/kg DS);no;;machine;;
zuivelnevenstroom;amino_acids_total;point;151;;;;;g/kg;dry;;measured;cvb-veevoedertabel-2023;CVB Veevoedertabel 2023, p. 562;2023;amino_acids_total;Kaaswei, vers-RE 175 - 275 g/kg DS (Kaaswei, vers - RE 175-275 g/kg DS);no;;machine;;CVB's own sum of the amino acids it measured - not recomputed here
zuivelnevenstroom;dry_matter;point;31;;;10;;g/kg;fresh;;measured;cvb-veevoedertabel-2023;CVB Veevoedertabel 2023, p. 563;2023;DS;Kaaswei, vers-RE > 275 g/kg DS (Kaaswei, vers - RE > 275 g/kg DS);no;;machine;;CVB gives dry matter per kg product
zuivelnevenstroom;ash;point;141;;;51;;g/kg;dry;;measured;cvb-veevoedertabel-2023;CVB Veevoedertabel 2023, p. 563;2023;RAS;Kaaswei, vers-RE > 275 g/kg DS (Kaaswei, vers - RE > 275 g/kg DS);no;;machine;;
zuivelnevenstroom;crude_protein;point;327;;;43;;g/kg;dry;;measured;cvb-veevoedertabel-2023;CVB Veevoedertabel 2023, p. 563;2023;RE;Kaaswei, vers-RE > 275 g/kg DS (Kaaswei, vers - RE > 275 g/kg DS);no;;machine;;CVB's RE, nitrogen times 6,25
zuivelnevenstroom;fat_total;point;80;;;45;;g/kg;dry;ee-hcl;measured;cvb-veevoedertabel-2023;CVB Veevoedertabel 2023, p. 563;2023;RVETh;Kaaswei, vers-RE > 275 g/kg DS (Kaaswei, vers - RE > 275 g/kg DS);no;;machine;;CVB's RVETh, after acid hydrolysis
zuivelnevenstroom;total_sugars;point;182;;;136;;g/kg;dry;;measured;cvb-veevoedertabel-2023;CVB Veevoedertabel 2023, p. 563;2023;SUI;Kaaswei, vers-RE > 275 g/kg DS (Kaaswei, vers - RE > 275 g/kg DS);no;;machine;;
zuivelnevenstroom;calcium;point;16.1;;;5.4;;g/kg;dry;;measured;cvb-veevoedertabel-2023;CVB Veevoedertabel 2023, p. 563;2023;Ca;Kaaswei, vers-RE > 275 g/kg DS (Kaaswei, vers - RE > 275 g/kg DS);no;;machine;;
zuivelnevenstroom;phosphorus;point;12.7;;;3.3;;g/kg;dry;;measured;cvb-veevoedertabel-2023;CVB Veevoedertabel 2023, p. 563;2023;P;Kaaswei, vers-RE > 275 g/kg DS (Kaaswei, vers - RE > 275 g/kg DS);no;;machine;;
zuivelnevenstroom;magnesium;point;3.6;;;0.6;;g/kg;dry;;measured;cvb-veevoedertabel-2023;CVB Veevoedertabel 2023, p. 563;2023;Mg;Kaaswei, vers-RE > 275 g/kg DS (Kaaswei, vers - RE > 275 g/kg DS);no;;machine;;
zuivelnevenstroom;potassium;point;36.1;;;13.2;;g/kg;dry;;measured;cvb-veevoedertabel-2023;CVB Veevoedertabel 2023, p. 563;2023;K;Kaaswei, vers-RE > 275 g/kg DS (Kaaswei, vers - RE > 275 g/kg DS);no;;machine;;
zuivelnevenstroom;sodium;point;11.8;;;5.9;;g/kg;dry;;measured;cvb-veevoedertabel-2023;CVB Veevoedertabel 2023, p. 563;2023;Na;Kaaswei, vers-RE > 275 g/kg DS (Kaaswei, vers - RE > 275 g/kg DS);no;;machine;;
zuivelnevenstroom;chloride;point;27.7;;;14.6;;g/kg;dry;;measured;cvb-veevoedertabel-2023;CVB Veevoedertabel 2023, p. 563;2023;Cl;Kaaswei, vers-RE > 275 g/kg DS (Kaaswei, vers - RE > 275 g/kg DS);no;;machine;;
zuivelnevenstroom;iron;point;51;;;29;;mg/kg;dry;;measured;cvb-veevoedertabel-2023;CVB Veevoedertabel 2023, p. 563;2023;Fe;Kaaswei, vers-RE > 275 g/kg DS (Kaaswei, vers - RE > 275 g/kg DS);no;;machine;;
zuivelnevenstroom;manganese;point;26;;;8;;mg/kg;dry;;measured;cvb-veevoedertabel-2023;CVB Veevoedertabel 2023, p. 563;2023;Mn;Kaaswei, vers-RE > 275 g/kg DS (Kaaswei, vers - RE > 275 g/kg DS);no;;machine;;
zuivelnevenstroom;zinc;point;34;;;11;;mg/kg;dry;;measured;cvb-veevoedertabel-2023;CVB Veevoedertabel 2023, p. 563;2023;Zn;Kaaswei, vers-RE > 275 g/kg DS (Kaaswei, vers - RE > 275 g/kg DS);no;;machine;;
zuivelnevenstroom;copper;point;22;;;12;;mg/kg;dry;;measured;cvb-veevoedertabel-2023;CVB Veevoedertabel 2023, p. 563;2023;Cu;Kaaswei, vers-RE > 275 g/kg DS (Kaaswei, vers - RE > 275 g/kg DS);no;;machine;;
zuivelnevenstroom;lysine;point;23.7;;;;;g/kg;dry;;measured;cvb-veevoedertabel-2023;CVB Veevoedertabel 2023, p. 564;2023;lysine;Kaaswei, vers-RE > 275 g/kg DS (Kaaswei, vers - RE > 275 g/kg DS);no;;machine;;
zuivelnevenstroom;methionine;point;6.0;;;;;g/kg;dry;;measured;cvb-veevoedertabel-2023;CVB Veevoedertabel 2023, p. 564;2023;methionine;Kaaswei, vers-RE > 275 g/kg DS (Kaaswei, vers - RE > 275 g/kg DS);no;;machine;;
zuivelnevenstroom;cystine;point;5.3;;;;;g/kg;dry;;measured;cvb-veevoedertabel-2023;CVB Veevoedertabel 2023, p. 564;2023;cystine;Kaaswei, vers-RE > 275 g/kg DS (Kaaswei, vers - RE > 275 g/kg DS);no;;machine;;"CVB prints CYS - cystine, or cysteine plus half-cystine; the source does not say which"
zuivelnevenstroom;threonine;point;15.3;;;;;g/kg;dry;;measured;cvb-veevoedertabel-2023;CVB Veevoedertabel 2023, p. 564;2023;threonine;Kaaswei, vers-RE > 275 g/kg DS (Kaaswei, vers - RE > 275 g/kg DS);no;;machine;;
zuivelnevenstroom;tryptophan;point;4.3;;;;;g/kg;dry;;measured;cvb-veevoedertabel-2023;CVB Veevoedertabel 2023, p. 564;2023;tryptophan;Kaaswei, vers-RE > 275 g/kg DS (Kaaswei, vers - RE > 275 g/kg DS);no;;machine;;
zuivelnevenstroom;isoleucine;point;12.4;;;;;g/kg;dry;;measured;cvb-veevoedertabel-2023;CVB Veevoedertabel 2023, p. 564;2023;isoleucine;Kaaswei, vers-RE > 275 g/kg DS (Kaaswei, vers - RE > 275 g/kg DS);no;;machine;;
zuivelnevenstroom;arginine;point;5.6;;;;;g/kg;dry;;measured;cvb-veevoedertabel-2023;CVB Veevoedertabel 2023, p. 564;2023;arginine;Kaaswei, vers-RE > 275 g/kg DS (Kaaswei, vers - RE > 275 g/kg DS);no;;machine;;
zuivelnevenstroom;phenylalanine;point;6.8;;;;;g/kg;dry;;measured;cvb-veevoedertabel-2023;CVB Veevoedertabel 2023, p. 564;2023;phenylalanine;Kaaswei, vers-RE > 275 g/kg DS (Kaaswei, vers - RE > 275 g/kg DS);no;;machine;;
zuivelnevenstroom;histidine;point;4.4;;;;;g/kg;dry;;measured;cvb-veevoedertabel-2023;CVB Veevoedertabel 2023, p. 564;2023;histidine;Kaaswei, vers-RE > 275 g/kg DS (Kaaswei, vers - RE > 275 g/kg DS);no;;machine;;
zuivelnevenstroom;leucine;point;21.5;;;;;g/kg;dry;;measured;cvb-veevoedertabel-2023;CVB Veevoedertabel 2023, p. 564;2023;leucine;Kaaswei, vers-RE > 275 g/kg DS (Kaaswei, vers - RE > 275 g/kg DS);no;;machine;;
zuivelnevenstroom;tyrosine;point;7.9;;;;;g/kg;dry;;measured;cvb-veevoedertabel-2023;CVB Veevoedertabel 2023, p. 564;2023;tyrosine;Kaaswei, vers-RE > 275 g/kg DS (Kaaswei, vers - RE > 275 g/kg DS);no;;machine;;
zuivelnevenstroom;valine;point;13.5;;;;;g/kg;dry;;measured;cvb-veevoedertabel-2023;CVB Veevoedertabel 2023, p. 564;2023;valine;Kaaswei, vers-RE > 275 g/kg DS (Kaaswei, vers - RE > 275 g/kg DS);no;;machine;;
zuivelnevenstroom;alanine;point;14.7;;;;;g/kg;dry;;measured;cvb-veevoedertabel-2023;CVB Veevoedertabel 2023, p. 564;2023;alanine;Kaaswei, vers-RE > 275 g/kg DS (Kaaswei, vers - RE > 275 g/kg DS);no;;machine;;
zuivelnevenstroom;aspartic_acid;point;20.3;;;;;g/kg;dry;;measured;cvb-veevoedertabel-2023;CVB Veevoedertabel 2023, p. 564;2023;aspartic_acid;Kaaswei, vers-RE > 275 g/kg DS (Kaaswei, vers - RE > 275 g/kg DS);no;;machine;;CVB prints ASP - in a hydrolysate this is aspartic acid plus asparagine
zuivelnevenstroom;glutamic_acid;point;39.4;;;;;g/kg;dry;;measured;cvb-veevoedertabel-2023;CVB Veevoedertabel 2023, p. 564;2023;glutamic_acid;Kaaswei, vers-RE > 275 g/kg DS (Kaaswei, vers - RE > 275 g/kg DS);no;;machine;;CVB prints GLU - in a hydrolysate this is glutamic acid plus glutamine
zuivelnevenstroom;glycine;point;6.9;;;;;g/kg;dry;;measured;cvb-veevoedertabel-2023;CVB Veevoedertabel 2023, p. 564;2023;glycine;Kaaswei, vers-RE > 275 g/kg DS (Kaaswei, vers - RE > 275 g/kg DS);no;;machine;;
zuivelnevenstroom;proline;point;17.3;;;;;g/kg;dry;;measured;cvb-veevoedertabel-2023;CVB Veevoedertabel 2023, p. 564;2023;proline;Kaaswei, vers-RE > 275 g/kg DS (Kaaswei, vers - RE > 275 g/kg DS);no;;machine;;
zuivelnevenstroom;serine;point;10.2;;;;;g/kg;dry;;measured;cvb-veevoedertabel-2023;CVB Veevoedertabel 2023, p. 564;2023;serine;Kaaswei, vers-RE > 275 g/kg DS (Kaaswei, vers - RE > 275 g/kg DS);no;;machine;;
zuivelnevenstroom;amino_acids_total;point;236;;;;;g/kg;dry;;measured;cvb-veevoedertabel-2023;CVB Veevoedertabel 2023, p. 564;2023;amino_acids_total;Kaaswei, vers-RE > 275 g/kg DS (Kaaswei, vers - RE > 275 g/kg DS);no;;machine;;CVB's own sum of the amino acids it measured - not recomputed here
aardappel;dry_matter;point;202;;;25;;g/kg;fresh;;measured;cvb-veevoedertabel-2023;CVB Veevoedertabel 2023, p. 591;2023;DS;Aardappelen, vers (Aardappelen, vers);no;;machine;;CVB gives dry matter per kg product
aardappel;ash;point;57;;;15;;g/kg;dry;;measured;cvb-veevoedertabel-2023;CVB Veevoedertabel 2023, p. 591;2023;RAS;Aardappelen, vers (Aardappelen, vers);no;;machine;;
aardappel;crude_protein;point;105;;;12;;g/kg;dry;;measured;cvb-veevoedertabel-2023;CVB Veevoedertabel 2023, p. 591;2023;RE;Aardappelen, vers (Aardappelen, vers);no;;machine;;CVB's RE, nitrogen times 6,25
aardappel;fat_total;point;3;;;;;g/kg;dry;ee-diethyl;measured;cvb-veevoedertabel-2023;CVB Veevoedertabel 2023, p. 591;2023;RVET;Aardappelen, vers (Aardappelen, vers);no;;machine;;CVB's RVET
aardappel;crude_fibre;point;41;;;20;;g/kg;dry;;measured;cvb-veevoedertabel-2023;CVB Veevoedertabel 2023, p. 591;2023;RC;Aardappelen, vers (Aardappelen, vers);no;;machine;;
aardappel;nfe;point;794;;;;;g/kg;dry;;measured;cvb-veevoedertabel-2023;CVB Veevoedertabel 2023, p. 591;2023;OK;Aardappelen, vers (Aardappelen, vers);no;;machine;;CVB's OK, the Weende by-difference remainder
aardappel;starch;point;638;;;79;;g/kg;dry;starch-polarimetric;measured;cvb-veevoedertabel-2023;CVB Veevoedertabel 2023, p. 591;2023;ZETew;Aardappelen, vers (Aardappelen, vers);no;;machine;;CVB's ZETew, the Ewers method
aardappel;starch;point;627;;;;;g/kg;dry;starch-enzymatic;measured;cvb-veevoedertabel-2023;CVB Veevoedertabel 2023, p. 591;2023;ZETam;Aardappelen, vers (Aardappelen, vers);no;;machine;;CVB's ZETam, amyloglucosidase
aardappel;total_sugars;point;30;;;7;;g/kg;dry;;measured;cvb-veevoedertabel-2023;CVB Veevoedertabel 2023, p. 591;2023;SUI;Aardappelen, vers (Aardappelen, vers);no;;machine;;
aardappel;calcium;point;0.6;;;0.2;;g/kg;dry;;measured;cvb-veevoedertabel-2023;CVB Veevoedertabel 2023, p. 591;2023;Ca;Aardappelen, vers (Aardappelen, vers);no;;machine;;
aardappel;phosphorus;point;2.0;;;0.5;;g/kg;dry;;measured;cvb-veevoedertabel-2023;CVB Veevoedertabel 2023, p. 591;2023;P;Aardappelen, vers (Aardappelen, vers);no;;machine;;
aardappel;magnesium;point;1.1;;;0.1;;g/kg;dry;;measured;cvb-veevoedertabel-2023;CVB Veevoedertabel 2023, p. 591;2023;Mg;Aardappelen, vers (Aardappelen, vers);no;;machine;;
aardappel;potassium;point;22.2;;;3.5;;g/kg;dry;;measured;cvb-veevoedertabel-2023;CVB Veevoedertabel 2023, p. 591;2023;K;Aardappelen, vers (Aardappelen, vers);no;;machine;;
aardappel;sodium;point;0.2;;;0.1;;g/kg;dry;;measured;cvb-veevoedertabel-2023;CVB Veevoedertabel 2023, p. 591;2023;Na;Aardappelen, vers (Aardappelen, vers);no;;machine;;
aardappel;chloride;point;1.6;;;0.7;;g/kg;dry;;measured;cvb-veevoedertabel-2023;CVB Veevoedertabel 2023, p. 591;2023;Cl;Aardappelen, vers (Aardappelen, vers);no;;machine;;
aardappel;sulphur;point;1.6;;;0.2;;g/kg;dry;;measured;cvb-veevoedertabel-2023;CVB Veevoedertabel 2023, p. 591;2023;S;Aardappelen, vers (Aardappelen, vers);no;;machine;;
aardappel;iron;point;91;;;57;;mg/kg;dry;;measured;cvb-veevoedertabel-2023;CVB Veevoedertabel 2023, p. 591;2023;Fe;Aardappelen, vers (Aardappelen, vers);no;;machine;;
aardappel;manganese;point;7;;;2;;mg/kg;dry;;measured;cvb-veevoedertabel-2023;CVB Veevoedertabel 2023, p. 591;2023;Mn;Aardappelen, vers (Aardappelen, vers);no;;machine;;
aardappel;zinc;point;14;;;2;;mg/kg;dry;;measured;cvb-veevoedertabel-2023;CVB Veevoedertabel 2023, p. 591;2023;Zn;Aardappelen, vers (Aardappelen, vers);no;;machine;;
aardappel;copper;point;4;;;1;;mg/kg;dry;;measured;cvb-veevoedertabel-2023;CVB Veevoedertabel 2023, p. 591;2023;Cu;Aardappelen, vers (Aardappelen, vers);no;;machine;;
suikerbiet-loof;dry_matter;point;160;;;;;g/kg;fresh;;measured;cvb-veevoedertabel-2023;CVB Veevoedertabel 2023, p. 595;2023;DS;Bietenblad met koppen, vers (Bietenblad met koppen, vers);no;;machine;;CVB gives dry matter per kg product
suikerbiet-loof;ash;point;200;;;;;g/kg;dry;;measured;cvb-veevoedertabel-2023;CVB Veevoedertabel 2023, p. 595;2023;RAS;Bietenblad met koppen, vers (Bietenblad met koppen, vers);no;;machine;;
suikerbiet-loof;crude_protein;point;151;;;;;g/kg;dry;;measured;cvb-veevoedertabel-2023;CVB Veevoedertabel 2023, p. 595;2023;RE;Bietenblad met koppen, vers (Bietenblad met koppen, vers);no;;machine;;CVB's RE, nitrogen times 6,25
suikerbiet-loof;fat_total;point;20;;;;;g/kg;dry;ee-diethyl;measured;cvb-veevoedertabel-2023;CVB Veevoedertabel 2023, p. 595;2023;RVET;Bietenblad met koppen, vers (Bietenblad met koppen, vers);no;;machine;;CVB's RVET
suikerbiet-loof;crude_fibre;point;100;;;;;g/kg;dry;;measured;cvb-veevoedertabel-2023;CVB Veevoedertabel 2023, p. 595;2023;RC;Bietenblad met koppen, vers (Bietenblad met koppen, vers);no;;machine;;
suikerbiet-loof;nfe;point;529;;;;;g/kg;dry;;measured;cvb-veevoedertabel-2023;CVB Veevoedertabel 2023, p. 595;2023;OK;Bietenblad met koppen, vers (Bietenblad met koppen, vers);no;;machine;;CVB's OK, the Weende by-difference remainder
suikerbiet-loof;phosphorus;point;2.3;;;;;g/kg;dry;;measured;cvb-veevoedertabel-2023;CVB Veevoedertabel 2023, p. 595;2023;P;Bietenblad met koppen, vers (Bietenblad met koppen, vers);no;;machine;;
suikerbiet-loof;potassium;point;31.0;;;;;g/kg;dry;;measured;cvb-veevoedertabel-2023;CVB Veevoedertabel 2023, p. 595;2023;K;Bietenblad met koppen, vers (Bietenblad met koppen, vers);no;;machine;;
suikerbiet-loof;dry_matter;point;115;;;;;g/kg;fresh;;measured;cvb-veevoedertabel-2023;CVB Veevoedertabel 2023, p. 597;2023;DS;Bietenblad, vers (Bietenblad, vers);no;;machine;;CVB gives dry matter per kg product
suikerbiet-loof;ash;point;200;;;;;g/kg;dry;;measured;cvb-veevoedertabel-2023;CVB Veevoedertabel 2023, p. 597;2023;RAS;Bietenblad, vers (Bietenblad, vers);no;;machine;;
suikerbiet-loof;crude_protein;point;182;;;;;g/kg;dry;;measured;cvb-veevoedertabel-2023;CVB Veevoedertabel 2023, p. 597;2023;RE;Bietenblad, vers (Bietenblad, vers);no;;machine;;CVB's RE, nitrogen times 6,25
suikerbiet-loof;fat_total;point;20;;;;;g/kg;dry;ee-diethyl;measured;cvb-veevoedertabel-2023;CVB Veevoedertabel 2023, p. 597;2023;RVET;Bietenblad, vers (Bietenblad, vers);no;;machine;;CVB's RVET
suikerbiet-loof;crude_fibre;point;110;;;;;g/kg;dry;;measured;cvb-veevoedertabel-2023;CVB Veevoedertabel 2023, p. 597;2023;RC;Bietenblad, vers (Bietenblad, vers);no;;machine;;
suikerbiet-loof;nfe;point;488;;;;;g/kg;dry;;measured;cvb-veevoedertabel-2023;CVB Veevoedertabel 2023, p. 597;2023;OK;Bietenblad, vers (Bietenblad, vers);no;;machine;;CVB's OK, the Weende by-difference remainder
suikerbiet-loof;phosphorus;point;2.3;;;;;g/kg;dry;;measured;cvb-veevoedertabel-2023;CVB Veevoedertabel 2023, p. 597;2023;P;Bietenblad, vers (Bietenblad, vers);no;;machine;;
suikerbiet-loof;potassium;point;35.0;;;;;g/kg;dry;;measured;cvb-veevoedertabel-2023;CVB Veevoedertabel 2023, p. 597;2023;K;Bietenblad, vers (Bietenblad, vers);no;;machine;;
tarwe-stro;dry_matter;point;878;;;58;;g/kg;fresh;;measured;cvb-veevoedertabel-2023;CVB Veevoedertabel 2023, p. 687;2023;DS;Tarwestro (Tarwestro);no;;machine;;CVB gives dry matter per kg product
tarwe-stro;ash;point;84;;;24;;g/kg;dry;;measured;cvb-veevoedertabel-2023;CVB Veevoedertabel 2023, p. 687;2023;RAS;Tarwestro (Tarwestro);no;;machine;;
tarwe-stro;crude_protein;point;41;;;15;;g/kg;dry;;measured;cvb-veevoedertabel-2023;CVB Veevoedertabel 2023, p. 687;2023;RE;Tarwestro (Tarwestro);no;;machine;;CVB's RE, nitrogen times 6,25
tarwe-stro;fat_total;point;12;;;;;g/kg;dry;ee-diethyl;measured;cvb-veevoedertabel-2023;CVB Veevoedertabel 2023, p. 687;2023;RVET;Tarwestro (Tarwestro);no;;machine;;CVB's RVET
tarwe-stro;crude_fibre;point;418;;;31;;g/kg;dry;;measured;cvb-veevoedertabel-2023;CVB Veevoedertabel 2023, p. 687;2023;RC;Tarwestro (Tarwestro);no;;machine;;
tarwe-stro;nfe;point;446;;;;;g/kg;dry;;measured;cvb-veevoedertabel-2023;CVB Veevoedertabel 2023, p. 687;2023;OK;Tarwestro (Tarwestro);no;;machine;;CVB's OK, the Weende by-difference remainder
tarwe-stro;ndf;point;745;;;;;g/kg;dry;;measured;cvb-veevoedertabel-2023;CVB Veevoedertabel 2023, p. 687;2023;NDF;Tarwestro (Tarwestro);no;;machine;;
tarwe-stro;adf;point;489;;;;;g/kg;dry;;measured;cvb-veevoedertabel-2023;CVB Veevoedertabel 2023, p. 687;2023;ADF;Tarwestro (Tarwestro);no;;machine;;
tarwe-stro;calcium;point;4.3;;;;;g/kg;dry;;measured;cvb-veevoedertabel-2023;CVB Veevoedertabel 2023, p. 687;2023;Ca;Tarwestro (Tarwestro);no;;machine;;
tarwe-stro;phosphorus;point;0.9;;;0.3;;g/kg;dry;;measured;cvb-veevoedertabel-2023;CVB Veevoedertabel 2023, p. 687;2023;P;Tarwestro (Tarwestro);no;;machine;;
tarwe-stro;magnesium;point;0.7;;;0.2;;g/kg;dry;;measured;cvb-veevoedertabel-2023;CVB Veevoedertabel 2023, p. 687;2023;Mg;Tarwestro (Tarwestro);no;;machine;;
tarwe-stro;potassium;point;14.8;;;3.0;;g/kg;dry;;measured;cvb-veevoedertabel-2023;CVB Veevoedertabel 2023, p. 687;2023;K;Tarwestro (Tarwestro);no;;machine;;
tarwe-stro;sodium;point;0.3;;;;;g/kg;dry;;measured;cvb-veevoedertabel-2023;CVB Veevoedertabel 2023, p. 687;2023;Na;Tarwestro (Tarwestro);no;;machine;;
